-- phpMyAdmin SQL Dump
-- version 4.9.7
-- https://www.phpmyadmin.net/
--
-- Host: 31.217.196.244:3306
-- Generation Time: 12.02.2022 klo 10:12
-- Palvelimen versio: 10.3.29-MariaDB-cll-lve
-- PHP Version: 7.3.33

SET SQL_MODE = "NO_AUTO_VALUE_ON_ZERO";
SET AUTOCOMMIT = 0;
START TRANSACTION;
SET time_zone = "+00:00";


/*!40101 SET @OLD_CHARACTER_SET_CLIENT=@@CHARACTER_SET_CLIENT */;
/*!40101 SET @OLD_CHARACTER_SET_RESULTS=@@CHARACTER_SET_RESULTS */;
/*!40101 SET @OLD_COLLATION_CONNECTION=@@COLLATION_CONNECTION */;
/*!40101 SET NAMES utf8mb4 */;

--
-- Database: `grfzhffh_reseptitietokanta`
--

-- --------------------------------------------------------

--
-- Rakenne taululle `auth_tokens`
--

CREATE TABLE `auth_tokens` (
  `creation_time` timestamp NOT NULL DEFAULT current_timestamp(),
  `token` mediumtext COLLATE utf8_swedish_ci NOT NULL
) ENGINE=InnoDB DEFAULT CHARSET=utf8 COLLATE=utf8_swedish_ci;

--
-- Vedos taulusta `auth_tokens`
--

INSERT INTO `auth_tokens` (`creation_time`, `token`) VALUES
('2020-11-18 06:39:59', 'j9Wvr36m6hJsOGB1zLngeeDaUgxdvflTkhfon2POy'),
('2021-08-19 12:09:32', 'PfK8qWIXHqvmOawuK8L1rznIjdZJjIsAn0w1c8E9x'),
('2021-08-28 16:39:44', 'JXIyCBJxbcgzKXbP2pyUAQgdkjOL5MXncCP4GmUXy'),
('2021-10-08 10:42:03', 'GjuwZEIAvd0oBY2zcxxcKSYlAyR6GTYnDJsu2XMTL');

-- --------------------------------------------------------

--
-- Rakenne taululle `ingredients`
--

CREATE TABLE `ingredients` (
  `id` int(11) NOT NULL,
  `name` varchar(128) COLLATE utf8_swedish_ci NOT NULL
) ENGINE=InnoDB DEFAULT CHARSET=utf8 COLLATE=utf8_swedish_ci;

--
-- Vedos taulusta `ingredients`
--

INSERT INTO `ingredients` (`id`, `name`) VALUES
(1, 'maitoa'),
(2, 'salottisipulia'),
(3, 'porsaan jauhelihaa'),
(4, 'vettä'),
(5, 'hiivaa'),
(6, 'vehnäjauhoa'),
(7, 'valkoviinietikkaa'),
(8, 'valkokaalia'),
(9, 'sokeria'),
(11, 'leivinjauhetta'),
(12, 'valkoviiniä'),
(13, 'valkoviiniä'),
(14, 'kevätsipulia'),
(15, 'suolaa'),
(16, 'valkopippuria'),
(17, 'kananmunaa'),
(18, 'riisiviinietikkaa'),
(19, 'kuohukermaa'),
(20, 'kuivahiivaa'),
(21, 'tuoretta persiljaa'),
(22, 'voita'),
(23, 'valkosipulinkynsi'),
(24, 'öljyä'),
(25, 'maustelientä'),
(26, 'inkivääriä'),
(27, 'cayenepippuria'),
(28, 'munankeltuaista'),
(29, 'pippuria'),
(30, 'sitruunamehua'),
(31, 'tuoretta korianteria'),
(32, 'sitruunaa'),
(33, 'sipulia'),
(34, 'rakuunaa'),
(35, 'jauhelihaa'),
(36, 'tomaattimurskaa'),
(37, 'kirveliä'),
(38, 'kaalia'),
(40, 'kanalientä'),
(41, 'maissitärkkelystä'),
(42, 'porkkanaa'),
(43, 'kikherneitä'),
(44, 'riisiä'),
(46, 'soijaa'),
(47, 'limeä'),
(48, 'majoneesia'),
(50, 'fetaa'),
(51, 'juustokuminaa'),
(52, 'korianteria'),
(53, 'chiliä'),
(54, 'kirsikkatomaatteja '),
(55, 'kermaviiliä'),
(56, 'chilijauhetta'),
(57, 'valkosipulinkynttä'),
(58, 'tomaattia'),
(59, 'paprikaa'),
(60, 'punasipulia'),
(61, 'cayennenpippuria'),
(62, 'persiljaa '),
(63, 'paprikajauhetta'),
(64, 'oliiviöljyä'),
(65, 'naanleipää'),
(66, 'kidneypapuja'),
(67, 'mustia papuja'),
(68, 'vodkaa'),
(69, 'tomaattipyrettä'),
(70, 'kanelitankoa'),
(71, 'neilikkaa'),
(72, 'valkosipulijauhetta'),
(73, 'turkkilaista jogurttia'),
(74, 'olutta'),
(75, 'oreganoa'),
(76, 'kardemummaa'),
(77, 'minttua'),
(78, 'maissijauhoa'),
(79, 'kuivattua appelsiininkuorta'),
(80, 'kalalientä'),
(81, 'chipotletahnaa'),
(82, 'munakoisoa'),
(83, 'maustepippuria'),
(84, ''),
(85, 'mustapapuja'),
(86, 'laakerinlehteä'),
(87, 'lehtipersiljaa tai korianteria'),
(88, 'avocadoa'),
(89, 'perunaa'),
(90, 'perunoita'),
(91, 'tortillasipsejä'),
(92, 'kalaa'),
(93, 'vaaleaa kalaa'),
(94, 'karitsan jauhelihaa '),
(95, 'löysä'),
(96, 'pehmeä'),
(97, 'ruokakermaa'),
(98, 'ruokakermaa'),
(99, 'kukkakaalia'),
(100, 'Kivenkova'),
(101, 'valkosipulin kynttä'),
(102, 'tilliä'),
(103, 'kalaliemi-fondia'),
(104, 'mätiä'),
(105, 'tomaattipyreetä'),
(106, 'sitruunanmehua'),
(107, 'kurpitsatikkuja'),
(108, 'juoksutetta'),
(109, 'timjamia'),
(110, 'liivatelehteä'),
(111, 'tärkkelystä'),
(112, 'lohta'),
(113, 'kermaa'),
(114, 'rypsiöljyä'),
(115, 'korppujauhoja'),
(116, 'limen mehu'),
(117, 'munaa'),
(118, 'vaniljasokeria'),
(119, 'MiFUa'),
(120, 'juustoraastetta'),
(121, 'mustapippuria'),
(122, 'juoksevaa hunajaa'),
(123, 'makaronia'),
(124, 'sitruunan kuorta'),
(125, 'tuoretta tilliä'),
(126, 'jauhoa'),
(127, 'kananmuna'),
(128, 'kesäkurpitsaa'),
(129, 'perunajauhoa'),
(130, 'jauhoista perunaa viipaloituna'),
(131, 'avokadoa'),
(132, 'sinappia'),
(133, 'juustoa'),
(134, 'kesäkurpitsaa viipaloituna'),
(135, 'Ananasta pilkottuna'),
(136, 'happoa'),
(137, 'tuoretta sitruunamelissaa'),
(138, 'valkoista suklaata'),
(139, 'Mangoa'),
(140, 'Punaviiniä'),
(141, 'mansikkoita'),
(142, 'glukoosisiirappia'),
(143, 'brandyä/konjakkia'),
(144, 'sitruuna'),
(145, 'kondensoitua maitoa'),
(146, 'ananasmehua'),
(147, 'Vadelmia'),
(148, 'elintarvikeväriä'),
(149, 'Keltaista jaffaa'),
(150, 'vaaleaa rommia'),
(151, 'Mansikoita'),
(152, 'Miriniä'),
(153, 'spriteä'),
(154, 'Mustikoita'),
(155, 'kuohuviiniä'),
(156, 'sitruunaviipaleita koristeeksi'),
(157, 'Omenamehua'),
(158, 'Limemehua '),
(159, 'jogurttia'),
(160, 'durumvehnäjauhoja'),
(161, 'Mansikoita koristeeksi'),
(162, 'puolikarkeita vehnäjauhoja'),
(163, 'Kotijuustoa '),
(164, 'pastaa'),
(165, 'pekonia'),
(166, 'pieniä perunoita'),
(167, 'kesäkurpitsa'),
(168, 'kanaa'),
(169, 'Väkiviinaetikkaa'),
(170, 'paprika'),
(171, 'punasipuli'),
(172, 'purjoa'),
(173, 'sipuli'),
(174, 'omena'),
(175, 'jauhoisia perunoita'),
(176, 'Kurkkua, kukkakaalia tms.'),
(177, 'ranskankermaa'),
(178, 'oliiveja'),
(179, 'punaista pestoa'),
(180, 'pinaattia'),
(181, 'pinaattia'),
(182, 'parmesaania'),
(183, 'aura-juustoa'),
(184, 'basilikaa'),
(185, 'vuohenjuustoa'),
(186, 'limettimehua'),
(187, 'hienonnettua ruohosipulia'),
(188, 'kapriksia'),
(189, 'porkkanaa kuorittuna'),
(190, 'kanan koipireisiä'),
(191, 'iso sipuli'),
(192, 'siirappia'),
(193, 'sian kassleria'),
(194, 'lihalientä'),
(195, 'punaviinietikkaa'),
(196, 'pellavansiemeniä'),
(197, 'kanelia'),
(198, 'BBQ-kastiketta'),
(199, 'savustettua paprikajauhetta'),
(200, 'rouhittuja auringonkukansiemeniä'),
(201, 'soodaa'),
(202, 'porkkana'),
(203, 'salottisipuli'),
(204, 'oksaa timjamia'),
(205, 'vehnäleseitä'),
(206, 'tuorejuustoa'),
(207, 'venhäjauhoja'),
(208, 'rosmariinia'),
(209, 'tomusokeria'),
(210, 'vaniliinisokeria'),
(211, 'ruisjauhoa'),
(212, 'punakaalia'),
(213, 'keltuainen'),
(214, 'nippu korianteria'),
(215, 'puolukoita'),
(216, 'vaniljakastikejauhetta'),
(217, 'vaniljatuorejuustoa'),
(218, 'paperisia pullavuokia'),
(219, 'lemon curdia'),
(220, 'kananmuna voiteluun'),
(221, 'valkosuklaata'),
(222, 'kasvislientä'),
(223, 'rasvaa'),
(224, 'päärynää'),
(225, 'piimää'),
(226, 'nestettä'),
(227, 'Sieniä'),
(228, '1. vaihe'),
(229, 'risottoriisiä'),
(230, 'maltaita'),
(231, '2. vaihe'),
(232, '3. vaihe'),
(233, 'Mustaleimaa'),
(234, 'Bulguria'),
(235, 'Saksanpähkinöitä'),
(236, 'jauhoja'),
(237, 'viinietikkaa'),
(238, 'Tomaatteja '),
(239, 'maissijauhoja'),
(240, 'hunajaa'),
(241, 'Kurkkua'),
(242, 'hienonnettua timjamia'),
(243, 'panko-jauhoa'),
(244, 'soodavettä'),
(245, 'hienonnettuja aurinkokuivattuja tomaatteja'),
(246, 'inkivääriraastetta'),
(247, 'seesamiöljyä'),
(248, 'misotahnaa'),
(249, 'munanvalkuaista'),
(250, 'Sumakkia'),
(251, 'vanilja-aromia'),
(252, 'margariinia'),
(253, 'raastettua inkivääriä'),
(254, 'seesaminsiemeniä'),
(255, 'omenaa'),
(256, 'naudan suikaleita'),
(257, 'voisulaa'),
(258, 'risottoa'),
(259, 'sushiriisiä'),
(260, 'sellerin vartta'),
(261, 'rucolan versoja'),
(262, 'raparperia'),
(263, 'lihaa'),
(264, 'tähtianista'),
(265, 'rahkaa'),
(266, 'possua'),
(267, 'gochujang-chilitahnaa'),
(268, 'juurta'),
(269, 'valkosipuli'),
(270, 'kuivattua shiitakesientä'),
(271, 'siputtua basilikaa'),
(272, 'taikinajuurta'),
(273, 'kombua'),
(274, 'mozzarellaa'),
(275, 'ruisjauhoja'),
(276, 'korianterinsiemieniä'),
(277, 'kananrintaa'),
(278, 'pankojauhoja'),
(279, 'savupaprikaa'),
(280, 'öljyä paistamiseen'),
(281, 'sitruunan mehu'),
(282, 'garam masalaa'),
(283, 'perunamuussia'),
(285, 'pieni kaali'),
(286, 'sipulinkynttä'),
(287, 'muskottipähkinää'),
(288, 'ruokasoodaa'),
(290, 'purjo'),
(292, 'kurkumaa'),
(293, 'palsternakkaa'),
(294, 'korianterinsiemeniä'),
(295, 'selleriä'),
(298, 'valkokastiketta'),
(299, 'kasvisliemikuutio'),
(302, 'savupaprikajauhetta'),
(303, 'chipotlechiliä'),
(304, 'grillattua kanaa'),
(305, 'ilmakuivattua kinkkua'),
(306, 'korppujauhoa'),
(307, 'tuorepastaa'),
(308, 'parmesania'),
(309, 'kananmunan keltuaista'),
(310, 'panchettaa'),
(311, 'suklaata'),
(312, 'liivatelehti'),
(313, 'keltuaista'),
(314, 'vispikermaa'),
(315, 'juoksevaa koskenlaskijaa'),
(316, 'porkkanasosetta'),
(317, 'gruyereä'),
(318, 'pankojauhoa');

-- --------------------------------------------------------

--
-- Rakenne taululle `instructions`
--

CREATE TABLE `instructions` (
  `id` int(11) NOT NULL,
  `recipeId` int(11) NOT NULL,
  `instruction` text COLLATE utf8_swedish_ci NOT NULL,
  `arrayIndex` int(11) NOT NULL
) ENGINE=InnoDB DEFAULT CHARSET=utf8 COLLATE=utf8_swedish_ci;

--
-- Vedos taulusta `instructions`
--

INSERT INTO `instructions` (`id`, `recipeId`, `instruction`, `arrayIndex`) VALUES
(1, 3, 'Sekoita hiiva, sokeri, suola, vesi ja muutama desi jauhoja.', 0),
(2, 1, 'Liuota hiiva kädenlämpöiseen maitoon', 0),
(3, 3, 'Lisää jauhoja vaivaten, kunnes taikina irtoaa käsistä ja kulhon reunoista.', 1),
(4, 1, 'Lisää joukkoon sokeri, suola ja kananmunat', 1),
(5, 3, 'Kohota 30 minuuttia.', 2),
(6, 1, 'Sekoita joukkoon jauhot', 2),
(7, 3, 'Jaa 20 osaan, pyöritä pulliksi ja anna kohota 15 minuuttia.', 3),
(8, 4, 'Siivilöi jauhot ja sekoita kaikki aineet keskenään.', 0),
(9, 1, 'Vaivaa huoneenlämpöinen voi joukkoon pieninä nokareina', 3),
(10, 3, 'Paina reikä keskelle peukaloilla ja keitä minuutti kummaltakin puolelta siirappivedessä (3 litraa vettä, 2 rkl siirappia).', 4),
(11, 1, 'Vaivaa taikinaa noin 10 minuuttia', 4),
(12, 3, 'Nostele reikäkauhalla pellille ja paista 225 asteisessa uunissa noin 15 minuuttia.', 5),
(13, 1, 'Anna kohota kylmässä peitettynä vähintään 1 tunti, mielellään yön yli', 5),
(14, 6, 'Kuori ja hienonna sipulit.', 0),
(15, 1, 'Muotoile sämpylöiksi ja anna kohota noin tunti', 6),
(16, 1, 'Paista 200 asteessa noin 10 minuuttia', 7),
(17, 6, 'Kuumenna kattilassa etikka.', 1),
(18, 6, 'Lisää kiehuvaan etikkaan sipulit valkoviini ja vesi. Keitä niin, että vain 3 rkl on nesteestä jäljellä. Siivilöi mausteliemi ja kaada se takaisin kattilaan.', 2),
(19, 6, 'Lisää mausteliemeen kerma. Vatkaa joukkoon kylmä voi pieninä kuutioina. Kiehauta, mutta älä keitä.', 3),
(20, 6, 'Mausta valmis kastike.', 4),
(21, 2, 'Tee mausteliemi yhdistämällä ainekset ja keittämällä nesteen määrä puoleen.', 0),
(22, 2, 'Sekoita keltuaiset ja mausteliemi vesihauteessa.', 1),
(23, 2, 'Kun seos alkaa saostua, ota kulho pois hauteesta ja lisää sulatettu voi joukkoon ohuena nauhana koko ajan sekoittaen.', 2),
(24, 2, 'Mausta rakuunalla ja kirvelillä', 3),
(25, 5, 'Valmista taikina yleiskoneessa vaivaten ja anna vetäytyä vähintään 15 minuuttia', 0),
(26, 5, 'Hienonna kevätsipuli, kaali ja korianteri, murskaa valkosipuli ja raasta inkivääri ja sekoita kaikki täytteen aineet keskenään', 1),
(27, 5, 'Rullaa taikina pastakoneella paksuuteen 5 ja leikkaa siitä pyöreitä paloja', 2),
(28, 5, 'Täytä taikinakuoret ja sulje tiiviisti', 3),
(29, 5, 'Kuumenna pannulla tilkka öljyä ja nostele nyytit pannulle', 4),
(30, 5, 'Kun öljy on imeytynyt nyytteihin, lisää pannulle noin 1 dl vettä ja sulje kansi', 5),
(31, 5, 'Kun vesi on haihtunut, anna nyyttien paistua vielä hetki', 6),
(32, 10, 'Sekoita kikherneet, sipuli ja mausteet sauvasekoittimella tasaiseksi tahnaksi', 0),
(33, 5, 'Sekoita kastikkeen aineet keskenään ja tarjoa dippinä', 7),
(34, 10, 'Lisää leivinjauhe ja jauhoja kunnes taikina ei tartu käsiin', 1),
(35, 10, 'Anna olla jääkaapissa peitettynä tunti', 2),
(36, 10, 'Tee palloja ja paista pari minuuttia kummaltakin puolelta', 3),
(37, 11, 'Pilko feta, tomaatit, paprika ja persilja. ', 0),
(38, 11, 'Sekoita kaikki ainekset keskenään. ', 1),
(39, 11, 'Oman maun mukaan voit lisätä salaattiin myös tuoretta minttua. ', 2),
(40, 8, 'Ruskista jauheliha padassa ja mausta kuivilla mausteilla', 0),
(41, 8, 'Hienonna sipuli, paprika, chipotlet ja valkosipuli, lisää pataan ja kypsennä noin 10 minuuttia', 1),
(42, 8, 'Lisää tomaattimurska ja kypsennä kunnes pelkäät, että se palaa pohjaan kiinni', 2),
(43, 8, 'Lisää lihaliemi, pavut ja tomaattimurska', 3),
(44, 8, 'Hauduta 1-2 tuntia', 4),
(45, 13, 'Anna maustua 24 tuntia', 0),
(46, 14, 'Sekoita hiiva, pieni osa jauhoja ja vesi ja anna kohota noin 30 minuuttia.', 0),
(47, 13, 'Suodata mausteet pois', 1),
(48, 14, 'Sekoita mukaan loput ainesosat ja vaivaa tasaiseksi.', 1),
(49, 13, 'Kuumenna pullollinen punaviiniä ja noin 2 dl sokeria', 2),
(50, 14, 'Anna kohota 1,5 tuntia öljytyssä kulhossa', 2),
(51, 15, 'Pilko yrtit. ', 0),
(52, 13, 'Lisää mausteseos', 3),
(53, 14, 'Jaa taikina palloiksi ja anna kohota noin puoli tuntia peitettynä.', 3),
(54, 15, 'Sekoita ainekset keskenään. ', 1),
(55, 14, 'Litistä pallot rieskoiksi ja grillaa.', 4),
(56, 15, 'Mausta suolalla ja pippurilla. ', 2),
(57, 12, 'Ruskista jauheliha tilkassa öljyä. Kuori ja hienonna valkosipulinkynsi. Lisää jauhelihan joukkoon valkosipuli, tomaattisose, mausteet ja vesi. Anna hautua vielä muutaman minuutin ajan.', 0),
(58, 12, 'Viipaloi munakoiso ja paprika ohuiksi viipaleiksi. Paista munakoisoja ja paprikoita öljyssä kuumalla pannulla muutaman minuutin ajan kunnes ne pehmenevät. Mausta suolalla.', 1),
(59, 12, 'Lisää valmiiden flatbreadien pinnalle turkkilaista jogurttia, jauhelihatäytettä, munakoiso- ja paprikaviipaleita ja yrttejä.', 2),
(60, 7, 'Valmista riisi sekoittamalla sipuli, tomaattimurska ja kanaliemi tehosekoittimella sileäksi', 0),
(61, 7, 'Kuullota riisit kattilassa, lisää mausteliemi ja keitä kypsäksi välillä sekoittaen. Lisää korianteri ja limen mehu valmiiseen riisiin', 1),
(62, 7, 'Ruskista ja mausta jauheliha', 2),
(63, 7, 'Valmista tomaattisalsa sekoittamalla pilkotut aineet keskenään. Mausta suolalla ja limemehulla', 3),
(64, 7, 'Huuhtele ja kuumenna pavut', 4),
(65, 7, 'Kuutioi avocado ja kokoa kulhot', 5),
(66, 16, 'Kuumenna kalaliemi, lisää mausteet ja sipuli ja keitä noin 5 minuuttia', 0),
(67, 16, 'Lisää perunat ja jatka keittämistä 10 - 15 minuuttia, kunnes perunat ovat kypsiä', 1),
(68, 17, 'Paloittele perunat ja kalafileet, hienonna kevätsipuli ja viipaloi sitruuna.', 0),
(69, 16, 'Lisää kala ja anna kiehua hiljaa 2 - 3 minuuttia', 2),
(70, 19, 'Sekoita jauheliha, pilkotut yrtit, murskattu valkosipuli, suola ja pippuri taikinaksi. ', 0),
(71, 17, 'Lado leivinpaperin tai folion päälle perunoita, kalapaloja ja retiisejä sekä hienonnettua kevätsipulia.', 1),
(72, 16, 'Lisää kerma ja hienonnettu tilli', 3),
(73, 19, 'Pyörittele taikina pieniksi pulliksi. ', 1),
(74, 17, 'Asettele sitruunaviipaleet päälimmäiseksi ja ripottele mausteet ja oliiviöljy.', 2),
(75, 19, 'Paista pullia 200 asteisessa uunissa kunnes pullat ovat kypsiä (n. 10 minuuttia) ', 2),
(76, 20, 'Kiehauta maustettu kerma.', 0),
(77, 17, 'Sulje nyytit ja kypsennä uunissa noin 20 minuuttia.', 3),
(78, 20, 'Vaahdota kermaa hieman.', 1),
(79, 20, 'Lisää mäti ja sekoita.', 2),
(80, 23, 'Kuumenna maito 36 asteiseksi ja lisää juoksute', 0),
(81, 22, 'Vaivaa taikina', 0),
(82, 22, 'Anna levätä jääkaapissa ainakin tunti', 1),
(83, 23, 'Kuumenna maito 40 asteiseksi. Lämpötila ei saa kohota yli 42 asteen', 1),
(84, 23, 'Anna hyytyä 30 minuttia', 2),
(85, 22, 'Rullaa ohueksi', 2),
(86, 23, 'Leikkaa viiltoja massaan', 3),
(87, 23, 'Anna vielä erottua 10 minuuttia', 4),
(88, 24, 'Leikkaa kurpitsa tikuiksi ja laita tikut likoamaan kylmään veteen tunniksi', 0),
(89, 23, 'Nosta massa juustomuottiin ja anna valua yön yli', 5),
(90, 24, 'Valuta ja kuivaa kurpitsatikut huolellisesti', 1),
(91, 24, 'Laita tikut pienissä erissä muovipussiin pienen tärkkelysmäärän kanssa ja ravista pussia niin, että kurpitsat saavat ohuen tärkkelyskerroksen', 2),
(92, 24, 'Paista öljyssä pari minuuttia', 3),
(93, 24, 'Nosta talouspaperin päälle valumaan ja suolaa', 4),
(94, 26, 'Jauha kala lihamyllyssä', 0),
(95, 26, 'Lisää loput ingredients ja sekoita tasaiseksi', 1),
(96, 26, 'Tee pyöryköitä ja paista 200 asteisessa uunissa noin 15 minuuttia', 2),
(97, 21, 'Valmista jauhelihakastike ja hauduta 10 min', 0),
(98, 21, 'Valmista juustokastike:', 1),
(99, 28, 'Keitä makaroni kypsäksi', 0),
(100, 21, 'valmista vaalea roux', 2),
(101, 21, 'lisää maito voimakkaasti sekoittaen', 3),
(102, 28, 'Tee valkokastike', 1),
(103, 27, 'Lisää Mifu-rasiaan hunaja ja pippuri. Raasta joukkoon sitruunan kuorta. Ravista ja jätä maustumaan kasvisten käsittelyn ajaksi', 0),
(104, 21, 'sulata juusto sekaan', 4),
(105, 28, 'lisää juusto ja makaroni', 2),
(106, 27, 'Leikkaa kesäkurpitsa sentin paksuisiksi vinottaisiksi viipaleiksi', 1),
(107, 27, 'Halkaise avokadot. Poista kivet. Leikkaa puoliskot kuorineen pitkittäin sentin paksuisiksi viipaleiksi', 2),
(108, 21, 'Lado uunivuokaan kerroksittain siten, että viimeiseksi jää juustokastike', 5),
(109, 27, 'Ruskista kesäkurpitsaa ja avocadoa pannulla', 3),
(110, 21, 'Kypsennä 200-asteisessa uunissa 1 tunti', 6),
(111, 27, 'Paista Mifu, kunnes se on saanut kauniin paistopinnan.', 4),
(112, 27, 'Nosta kasvikset tarjoiluastiaan. Mausta suolalla ja sitruunanmehulla. Ripottele päälle yrtti ja Mifu. Valuta päälle oliiviöljyä. Tarjoa heti pää- tai lisukeruokana.', 5),
(113, 25, 'Vaahdota kerma ja sekoita erillisessä kulhossa tuorejuusto, sokeri, vaniljasokeri ja limemehu', 0),
(114, 30, 'Sekoita hedelmät, punaviini, ananasmehu ja brandy.', 0),
(115, 25, 'Liuota liivatelehdet pineen määrään kuumaa vettä ja lisää tuorejuustoseokseen', 1),
(116, 30, 'Jäähdytä, lisää limppari ja nauti!', 1),
(117, 25, 'Lisää kermavaahto seokseen ja sekoita varovaisesti tasaiseksi', 2),
(118, 25, 'Anna hyytyä pakastimessa', 3),
(119, 25, 'Valmista pohja:', 4),
(120, 25, 'Riko kananmunat lasiin', 5),
(121, 25, 'Mittaa yhtä paljon sokeria toiseen lasiin', 6),
(122, 31, 'Sekoita pilkotut mansikat ja sitruunat valkoviiniin, rommiin ja limppariin.', 0),
(123, 25, 'Mittaa lasiin yhtä paljon vehnäjauho-perunajauho seosta (50-50) ja lisää leivinjauhe', 7),
(124, 31, 'Jäähdytä', 1),
(125, 25, 'Vaahdota kananmunat ja sokeri', 8),
(126, 31, 'Lisää kuohuviini ja nauti!', 2),
(127, 25, 'Siivilöi ja sekoita jauhot varovaisesti sekaan', 9),
(128, 34, 'Sekoita vesi ja hiiva. Anna levätä noin 10 minuuttia.', 0),
(129, 32, 'Sekoita marjat. punaviini, brandy ja omenamehu.', 0),
(130, 25, 'Paista 175 asteessa noin 40 minuuttia', 10),
(131, 36, 'Sekoita ainekset ja vaivaa noin 10 minuuttia.', 0),
(132, 34, 'Lisää joukkoon jogurtti ja öljy.', 1),
(133, 25, 'Valmista glaze:', 11),
(134, 32, 'Jäähdytä, lisää sprite ja nauti!', 1),
(135, 35, 'Leikkaa paprikat ja chilit kahtia, poista siemenet. Laita leivinpaperille uunipellille leikkuupinta alaspäin. Paahda grillivastuksen alla n. 10 min tai kunnes paprikoiden ja chilien kuoret mustuvat kauttaaltaan.', 0),
(136, 36, 'Peittele taikinapallo kermulla ja anna levätä jääkaapissa noin puoli tuntia.', 1),
(137, 34, 'Sekoita kaikki aineet keskenään ja anna kohota 2-4 tuntia.', 2),
(138, 25, 'Liota liivatteita ja kiehauta kattilassa sokeri, glukoosisiirappi ja vesi', 12),
(139, 35, 'Anna jäähtyä hetki, irrota kuoret. Soseuta paprikat ja chilit. Mausta. Sekoita lopuksi murennettu kotijuusto dipin joukkoon', 1),
(140, 34, 'Kauli leivät oikean muotoisiksi ja paista pannulla noin minuutti kummaltakin puolelta.', 3),
(141, 25, 'Lisää liivatteet, sekoita ja kaada paloitellun suklaan päälle', 13),
(142, 25, 'Kun suklaa on sulanut, lisää kondensoitu maito ja elintarvikeväri', 14),
(143, 25, 'Sekoita tasaiseksi sauvasekoittimella ja peitä seos kelmulla', 15),
(144, 25, 'Anna jäähtyä noin kädenlämpöiseksi ja kuorruta leivokset', 16),
(145, 41, 'Sekoita etikka, sokeri, suola ja kasvikset.', 0),
(146, 41, 'Anna tekeytyä vähintään 20 minuuttia ja tarjoile.', 1),
(147, 37, 'Ruskista pekonit ja siirrä sivuun', 0),
(148, 37, 'Ruskista broilerit', 1),
(149, 40, 'Hienonna purjo', 0),
(150, 40, 'Paista kana kypsäksi, mausta suolalla ja pippurilla ja siirrä sivuun', 1),
(151, 37, 'Lisää sipuli, paprika ja pekoni, mausta', 2),
(152, 39, 'Kuulota sipulit', 0),
(153, 40, 'Kuullota purjo ja lisää jäinen pinaatti', 2),
(154, 37, 'Lisää Ranskankerma', 3),
(155, 42, 'Höyrytä perunat', 0),
(156, 37, 'viimeistele persiljalla', 4),
(157, 39, 'Lisää paprika ja kesäkurpitsa ja kypsennä pehmeiksi', 1),
(158, 40, 'Lisää kana, ruokakerma ja vuohenjuusto. Anna hautua noin 5 minuuttia', 3),
(159, 42, 'Soseuta perunat ja anna jäähtyä kädenlämpöiseksi', 1),
(160, 40, 'Sekoita valutettu pasta kastikkeen joukkoon', 4),
(161, 39, 'Mausta ja lisää tomaattimurska ja pesto', 2),
(162, 42, 'Valuta pinaatti mahdollisimman kuivaksi ja lisää muiden mausteiden ja kananmunan kanssa perunasoseeseen', 2),
(163, 39, 'Hauduta noin 10 minuuttia', 3),
(164, 42, 'Vaivaa jauhot vähitellen sekaan', 3),
(165, 43, 'Vaivaa ainekset keskenään', 0),
(166, 42, 'Pyöritä taikina tangoiksi ja leikkaa pieniksi paloiksi', 4),
(167, 43, 'Anna kohota yli tunnin', 1),
(168, 42, 'Keitä noin 3 minuittia, kunnes gnocchit nousevat pintaan', 5),
(169, 42, 'Paista kypsät gnocchit voissa', 6),
(170, 48, 'Hiero kasslerin pintaan suolaa', 0),
(171, 48, 'Laita uunivuokaan ja peitä BBQ-kastikkeella', 1),
(172, 48, 'Peitä kassler ensin leivinpaperilla ja sitten uunivuoka foliolla kaksin kerroin', 2),
(173, 48, 'Paista uunissa 4 h 150 °C tai yön yli 90 °C', 3),
(174, 46, 'Lämmitä uuni 170 asteeseen', 0),
(175, 46, 'Kuullota sipuli ja valkosipuli padassa', 1),
(176, 47, 'Paahda sokeri, lisää sipulit ja kuullota hetki', 0),
(177, 46, 'Lisää kuivat mausteet ja sekoita', 2),
(178, 47, 'Kaada joukkoon etikka ja keitä n. 5 min', 1),
(179, 46, 'Lisää kanat yksitellen', 3),
(180, 47, 'Lisää muut nesteet ja mausta', 2),
(181, 46, 'Sekoita hyvin ja lisää suola ja pippuri', 4),
(182, 45, 'Murenna hiiva haaleaan nesteeseen. Lisää mausteet, siemenet, leseet, öljy ja porkkanaraaste. Lisää jauhot ja vaivaa taikina tasaiseksi ja kimmoisaksi. Anna kohota noin 30 minuuttia.', 0),
(183, 47, 'Hauduta miedolla lämmöllä, kunnes neste on haihtunut lähes kokonaan', 3),
(184, 46, 'Lisää BBQ-kastike', 5),
(185, 45, 'Kumoa taikina pöydälle, painele pois ilmakuplat. Jaa taikina noin 20 palaksi ja pyörittele sämpylöiksi. Kohota sämpylät liinan alla.', 1),
(186, 46, 'Anna kypsyä 90 minuuttia uunissa', 6),
(187, 45, 'Voitele vedellä ja ripottele pinnalle reilusti siemeniä.', 2),
(188, 46, 'Revi kanat ja samaan aikaan keitä kasaan pataan jäänyt kastike', 7),
(189, 49, 'Kuullota porkkanoita ja sipuleita ruskistamatta', 0),
(190, 45, 'Paista sämpylöitä 200-asteisessa uunissa noin 12 minuuttia.', 3),
(191, 44, 'raasta porkkanat hienoksi raasteeksi', 0),
(192, 49, 'Lisää sokeri ja anna karamellisoitua hetki', 1),
(193, 46, 'Kaada kastike kanojen päälle ja sekoita', 8),
(194, 44, 'vaahdota munat ja sokeri', 1),
(195, 49, 'Lisää punaviini, rosmariini ja timjami ja keitä kasaan puolet', 2),
(196, 44, 'lisää öljy ja porkkanaraaste', 2),
(197, 49, 'Lisää lihaliemi ja keitä kasaan', 3),
(198, 44, 'sekoita kuivat aineet keskenään ja lisää taikinaan', 3),
(199, 49, 'Siivilöi ja mausta suolalla ja pippurilla', 4),
(200, 44, 'kaada taikina kakkuvuokaan tai uunipelille', 4),
(201, 44, 'paista 175 asteessa noin 50 minuuttia', 5),
(202, 44, 'Sulata rasva kuorrutusta varten ja sekoita joukkoon muut ainekset', 6),
(203, 54, 'Leikkaa perunat pitkulaisiksi ja laita kylmään veteen likoamaan', 0),
(204, 44, 'levitä kuorrute jäähtyneen porkkanakakun pinnalle', 7),
(205, 54, 'Valuta vesi pois ja kuivaa perunat kevyesti talouspaperilla', 1),
(206, 54, 'Kuumenna öljy 180 - 190 asteiseksi', 2),
(207, 54, 'Uppopaista perunoita pienissä erissä koosta riippuen 2 – 3 minuuttia. Vaihtoehtoisesti perunoita voi keittää vedessä saman verran.', 3),
(208, 54, 'Valuta perunat talouspaperin päällä ennen toista paistokertaa', 4),
(209, 55, 'Keitä vesi kiehuvaksi', 0),
(210, 51, 'Vaahdota sokeri ja pehmeä voi', 0),
(211, 54, 'Paista uudelleen samalla tavalla 2 – 3 minuuttia', 5),
(212, 55, 'Anna hautua miedolla lämmöllä noin 15 minuuttia', 1),
(213, 54, 'Mausta suolalla ennen tarjoilua', 6),
(214, 51, 'Lisää jauhot siivilän läpi', 1),
(215, 51, 'Taputtele 75% taikinasta 23 cm uunivuokaan reunoille ja pohjalle jauhotetulla kädellä', 2),
(216, 53, 'Suikaloi kaalit ja raasta porkkana', 0),
(217, 51, 'Sekoita puolukoiden joukkoon sokeri ja perunajauhot', 3),
(218, 53, 'Sekoita isossa kulhossa', 1),
(219, 51, 'Kaada puolukat vuokaan', 4),
(220, 53, 'Lisää loput ingredients', 2),
(221, 50, 'Valmista pullataikina vehnäjauhopakkauksen ohjeen mukaan. Sekoita täytettä varten jogurtin joukkoon sokeri, kananmuna sekä vaniljakastikejauhe.', 0),
(222, 51, 'Lisää loppu taikina puolukoiden päälle', 5),
(223, 50, 'Vaivaa taikinaa pöydällä ja jaa se kahteen osaan. Kauli taikinapala noin 30 x 15 cm levyksi. Levitä levylle puolet vaniljakastikkeesta ja ripottele päälle puolet puolukoista. Taita levy pitkän sivun suuntaisesti kahtia. Painele varovasti taikinapuolikkaita yhteen. Leikkaa taikina 4 cm levyisiksi suikaleiksi. Leikkaa suikaleet edelleen lähes päähän saakka puoliksi.', 1),
(224, 51, 'Paista alimmalla tasolla 200 asteessa noin 20 minuuttia', 6),
(225, 50, 'Kierrä suikaleita molemmista päistä ja kiepauta ne solmuksi. Nosta pullat pullavuokiin. Leivo toinen taikinapala samoin. Kohota pullat leivinliinan alla ja voitele kananmunalla. Paista 225 asteessa 12-15 minuuttia.', 2),
(226, 56, 'Paista jauhoja rasvassa tai öljyssä kunnes haluttu väri on saavutettu', 0),
(227, 52, 'vaahdota voi ja sokeri', 0),
(228, 56, 'Lisää neste voimakkaasti sekoittaen', 1),
(229, 52, 'lisää keltuainen', 1),
(230, 52, 'lisää joukkoon jauhot muutamassa erässä', 2),
(231, 52, 'voitele piirakkavuoka ja levitä taikina vuoan pohjalle ja reunoille', 3),
(232, 57, 'Kuulota sipuli ja lisää suola', 0),
(233, 52, 'sekoita lemon curd ja tuorejuusto keskenään', 4),
(234, 57, 'Lisää valkosipuli ja kääntele 2 min', 1),
(235, 52, 'sulata valkosuklaa ja lisää joukkoon', 5),
(236, 58, 'Sekoita kaikki aineet keskenään.', 0),
(237, 57, 'Lisää riisi ja nosta lämpöä', 2),
(238, 61, 'Huuhtele riisi huolella', 0),
(239, 52, 'levitä täyte vuokaan ja ripottele pinnalle kanelia', 6),
(240, 61, 'Mittaa kattilaan vesi ja lisää riisi sekaan', 1),
(241, 57, 'Kääntele riisiä 2 min, riisi ei saa saada väriä', 3),
(242, 58, 'Jaa taikina neljään leipävuokaan', 1),
(243, 52, 'siivuta pärynät ja painele täytteen joukkoon', 7),
(244, 57, 'Lisää viini ja hämmennä', 4),
(245, 58, 'Anna kohota huoneenlämmössä noin kaksi tuntia', 2),
(246, 61, 'Anna seistä noin 15 minuuttia', 2),
(247, 52, 'Sivele päärynöiden pinnalle sitruunamehua', 8),
(248, 58, 'Paista 2,5 - 3 tuntia 175 asteessa', 3),
(249, 61, 'kiehauta vesi ja anna hautua erittäin miedolla lämmöllä noin 10 minuuttia avaamatta kantta', 3),
(250, 57, 'Lisää kasvislientä vähän kerrallaan ja laske lämpöä siten, että riisi juuri ja juuri kiehuu.', 5),
(251, 52, 'Paista 200 asteessa noin 40 minuuttia', 9),
(252, 57, 'Jatka liemen lisäämistä, kunnes riisi on kypsää', 6),
(253, 58, 'Kun pinta on ruskistunut, alenna lampötila 150 asteeseen ja peitä leivät foliolla', 4),
(254, 61, 'Ota lämpö pois ja anna hautua vielä 10 minuuttia', 4),
(255, 61, 'Kaada riisi laakeaan astiaan ja jäähdytä viuhkalla', 5),
(256, 57, 'Nosta risotto pois liedeltä ja lisää parmesaani', 7),
(257, 59, 'Ota sivuun kourallinen suppilovahveroita voikastiketta varten. Kuullota voissa pannulla pieneksi silputtu sipuli ja valkosipuli. Lisää suppilovahverot ja paista kunnes nesteet ovat haihtuneet, noin 10 minuuttia.', 0),
(258, 59, 'Lisää kerma pikku hiljaa, anna kiehahtaa hetki ja nosta pois liedeltä.', 1),
(259, 59, 'Kun täyte on hieman jäähtynyt, lisää hienoksi raastettu juusto ja persiljasilppu.', 2),
(260, 59, 'Kokoa raviolit.', 3),
(261, 59, 'Keitä runsaassa vedessä n. 10 minuuttia riippuen ravioleiden koosta ja paksuudesta. Valmista sillä välin voikastike.', 4),
(262, 59, 'Kuumenna pannulla öljy ja voi. Paista suppilovahverot nopeasti pannulla. Mausta suolalla.', 5),
(263, 64, 'Alusta taikina tasaiseksi ja anna kohota noin 20 minuuttia', 0),
(264, 64, 'Jaa taikina kahtia ja pyöritä leiviksi', 1),
(265, 62, 'Valmista bulgur paketin ohjeen mukaisesti. ', 0),
(266, 64, 'Tee kolme viiltoa leipiin ja upota halkaistuja kirsikkatomaatteja viiltoihin', 2),
(267, 62, 'Pilko ainekset. ', 1),
(268, 64, 'Ripottele päälle suolaa ja rosmariinia', 3),
(269, 62, 'Sekoita kaikki aineet keskenään ja mausta suolalla ja pippurilla. ', 2),
(270, 64, 'Kuumenna uuni 225 asteiseksi, mutta laske lämpötila 200 asteeseen laitettuasi leivät uuniin', 4),
(271, 64, 'Paista 25 minuuttia', 5),
(272, 63, 'Sekoita kastikkeen aineet keskenään', 0),
(273, 63, 'Yhdistä kuivat aineet keskenään ja siivilöi soodaveden sekaan', 1),
(274, 63, 'Kuumenna öljy noin 170 - 180 asteiseksi', 2),
(275, 63, 'Dippaa kasviksia tai mereneläviä taikinaan ja uppopaista muutama minuutti öljyssä', 3),
(276, 63, 'Valuta valmiit tempurat talouspaperin päällä ja suolaa välittömästi', 4),
(277, 63, 'Tarjoa riisipedin päällä. Kastikkeen voi kaataa päälle tai tarjota dippinä', 5),
(278, 67, 'Tomaatit voi korvata myös kokonaisilla purkkitomaateilla. Sipulin tilalla voi käyttää kevätsipulia ja tuoreen chilin tilalla kuivattua. Chilin määrää voi vähentää tai lisätä oman maun mukaan. ', 0),
(279, 67, 'Pilko tomaatit, sipuli ja persilja. ', 1),
(280, 68, 'Mittaa kattilaan sokeri, hunaja ja vesi', 0),
(281, 67, 'Sekoita kaikki ainekset keskenään. ', 2),
(282, 68, 'Laita liivatelehdet likoamaan kylmään veteen', 1),
(283, 68, 'Erottele valkuaiset', 2),
(284, 67, 'Anna tekeytyä jääkaapissa ennen tarjoilua. ', 3),
(285, 68, 'Aloita kuumentamaan sokeria', 3),
(286, 66, 'Sekoita raaka-aineet keskenään ja muotoile lihapulliksi', 0),
(287, 68, 'Vatkaa valkuaiset kovaksi vaahdoksi ja sulata kuivaksi puristetut liivatteet mikrossa juoksevaksi', 4),
(288, 66, 'Valmista kastike sekoittamalla kaikki raaka-aineet keskenään', 1),
(289, 68, 'Kun sokeriliemi on 127 asteista, kaada se hitaasti valkuaisvaahtoon samalla vatkaten', 5),
(290, 70, 'Vaahdota voi ja sokeri vatkaimella.  ', 0),
(291, 66, 'Paista parillapannulla kypsäksi ja sivele kastiketta pintaan samalla', 2),
(292, 70, 'Lisää jauhot ja niihin sekoitettu leivinjauhe.Sekoita tasaiseksi. ', 1),
(293, 68, 'Lisää liivateliemi ja vanilja-aromi joukkoon noin minuutin kuluttua ma jatka vatkaamista muutaman minuutin ajan', 6),
(294, 68, 'Jauhota alusta ja pursota vaahtokarkkimassa alustalle', 7),
(295, 70, ' Jaa taikina kahtia ja lisää pohjaosaan kanamunat ja vatkaa.', 2),
(296, 68, 'Jauhota vaahtokarkit kauttaaltaan ja anna kuivua muutama tunti', 8),
(297, 70, 'Laita pohjataikina piirakkavuokaan. Lisää päälle lohkotut ja kuoritut omenapalat. Ripottele päälle kanelia ja sokeria.', 3),
(298, 70, ' Omenalohkojen päälle lisätään kanamunaton muruseos.', 4),
(299, 70, '  Piirakka uuniin n. 30-40 min. 200C. ', 5),
(300, 70, 'Tarjoile vaniljakastikkeen kanssa. Parasta uuden sadon omenista valmistettuna.', 6),
(301, 72, 'Valmista risotto ja anna jäähtyä', 0),
(302, 69, 'Keitä sushiriisi ohjeen mukaan.', 0),
(303, 72, 'Sekoita kananmuna risottoon', 1),
(304, 69, 'Pilko porkkanat ja kesäkurpitsa ohuiksi suikaleiksi ja viipaloi avocado.', 1),
(305, 72, 'Tee massasta palloja ja leivitä korppujouhoilla', 2),
(306, 69, 'Kuumenna yakiniku-kastikkeen aineita kattilassa, kunnes seos kiehahtaa. Siirrä kastike sivuun odottamaan.', 2),
(307, 72, 'Paista noin 3 minuutin ajan 180 asteisessa öljyssä', 3),
(308, 69, 'Paista naudan suikaleet kypsäksi. Sekoita suikaleet ja yakiniku-kastikke.', 3),
(309, 69, 'Paista kananmunat siten, että keltuainen jää löysäksi.', 4),
(310, 71, 'Sekoita muruseoksen kuivat aineet ja lisää lopuksi voisula. Jaa seos kahteen eri kulhoon. Käytä 2/3 muruseoksesta pohjataikinaan. Jätä kolmannes pinnalle ripoteltavaksi', 0),
(311, 69, 'Kokoa kulho: Aseta riisi pohjalle. Asettele liha ja kastike riisin päälle. Kekoa porkkanat, kesäkurpitsa ja avocado erillisiksi keoiksi lihan viereen. Lihan toiselle puolelle ripotellaan reilusti rucolan versoja. Ripottele vielä seesamin siemeniä ja kevätsipulia lihan päälle. Lopuksi aseta lihan päälle paistettu kananmuna.', 5),
(312, 71, 'Lisää pohjataikinaan keskenään sekoitetut piimä ja kananmuna. Levitä seos leivinpaperilla peitettyyn tai voideltuun  piirakkavuokaan.', 1),
(313, 73, 'kuullota sipulit, porkkanat ja selleri padassa', 0),
(314, 74, 'Keitä omenamehua ja mausteita 30 minuuttia', 0),
(315, 71, 'Ripottele pohjataikinan päälle vajaa litra raparperi- tai omenapaloja, myös marjat kuten mustikka, puolukka, karviaiset tai herukat käyvät.', 2),
(316, 74, 'viipaloi omena tarjoilua varten', 1),
(317, 73, 'lisää liha ja pekoni ja ruskista', 1),
(318, 71, 'Sekoita rahka, sokeri,munat ja vaniljasokeri. Kaada seos piirakan päälle. Ripottele lopuksi muruseosta pinnalle ja paista raparperipiirakkaa 175-asteisessa uunissa noin 45 minuuttia. Tarjoa raparperipiirakan kanssa vaniljakastiketta tai jäätelöä.', 3),
(319, 73, 'lisää viini, lihaliemi ja tomaattipyre', 2),
(320, 74, 'siivilöi glögi ja tarjoile', 2),
(321, 73, 'hauduta vähintään 2 tuntia', 3),
(322, 77, 'Keitä kananmunat pehmeäksi', 0),
(323, 77, 'Lisää aineet pussiin ja anna maustua vähintään kolme tuntia tai yön yli', 1),
(324, 75, 'Sekoita marinadin ainekset keskenään', 0),
(325, 78, 'Sekoita aineet kulhossa, älä vaivaa.', 0),
(326, 75, 'Keitä painekattilassa 2 tuntia kovalla lämmöllä', 1),
(327, 78, 'Anna levätä 30 minuuttia.', 1),
(328, 75, 'Revi poossu ja keitä kastiketta kasaan', 2),
(329, 78, 'Anna kohota noin 2 tuntia. Nostele taikinaa kulhon reunoilta taikinan päälle muutaman kerran kohotuksen aikana', 2),
(330, 78, 'Muotoile leipä pyörittämällä jauhottomalla pöydällä.', 3),
(331, 78, 'Anna levätä 30 minuuttia.', 4),
(332, 78, 'Levitä taikina neliöksi jauhotetulla pöydällä ja taittele kolmin kerroin. Taitele vielä kolmin kerroin ja taittele kulmista keskelle, jotta leivästä tulee pyöreähkö.', 5),
(333, 80, 'Sekoita juuri, vesi, suola ja 750g jauhoista.', 0),
(334, 78, 'Nosta leipä matalaan kulhoon jauhotetun liinan päälle. Taittele liina leivän päälle.', 6),
(335, 80, 'Anna tekeytyä huoneenlämmössä vuorokausi.', 1),
(336, 78, 'Peittele kelmulla ja anna kohota 3 tuntia. ', 7),
(337, 80, 'Sekoita mukaan loput jauhoista ja anna kohota 2 tuntia.', 2),
(338, 76, 'Paahda kanat uunissa ruskeaksi', 0),
(339, 78, 'Esilämmitä uuni ja uunipelti 250 asteeseen ja laita pohjalle vesiastia.', 8),
(340, 80, 'Leivo reikäleiviksi ja kohota 1 tunti.', 3),
(341, 76, 'Lisää liemen ainekset painekattilaan ja keitä noin 2 tuntia kovalla paineella', 1),
(342, 78, 'Kumoa leipä varovasti leivinpaperille esimerkiksi leikkuulaudan avulla.', 9),
(343, 81, 'Sekoita aineet keskenään', 0),
(344, 80, 'Painele pintaan reikiä ennen paistamista.', 4),
(345, 79, 'Sekoita aineet keskenään. Tee risotto käyttäen 150g riisiä', 0),
(346, 78, 'Siirrä leipä pellille ja paista 15 minuuttia, jonka jäljeen laske lämpö 225 adteeseen ja poista vesiastia ja paista vielä 20 minuuttia.', 10),
(347, 76, 'Keitä vielä lientä ilman painetta noin puoli tuntia', 2),
(348, 80, 'Paista 225 asteessa noin 10 minuuttia ja alenna lämpö 200 asteeseen', 5),
(349, 81, 'Muotoile kebakoiksi', 1),
(350, 79, 'Pyörittele palloiksi', 1),
(351, 78, 'Säilytä liinalla peitettynä tai paperipussissa.', 11),
(352, 76, 'Siivilöi liemi ja lisää kastike', 3),
(353, 81, 'Paista kuumalla pannulla tai grillissä', 2),
(354, 80, 'Jatka paistamista noin 15 minuuttia.', 6),
(355, 79, 'Pyörittele pallot jauhoissa kananmunissa ja pankossa', 2),
(356, 76, 'Tarjoile nuudeleiden, kananmunan ja kananrinnan kera', 4),
(357, 79, 'Uppopaista muutama minuutti, kunnes pinta on ruskistunut', 3),
(358, 86, 'Revi kaali suupaloiksi', 0),
(359, 86, 'Sekoita kastike ja kaada kaalin päälle', 1),
(360, 83, 'Hienonna sipuli ja karamelisoi miedolla lämmöllä', 0),
(361, 83, 'Sekoita kerma ja korppujauhot ja anna turvota noin 15 minuuttia', 1),
(362, 85, 'Sekoita aineet keskenään ja anna levätä noin 10 minuuttiia', 0),
(363, 83, 'Sekoita aineet keskenään ja pyörittele pulliksi', 2),
(364, 85, 'Vaivaa taikina kimmoisaksi ja anna kohota noin 30 minuuttia', 1),
(365, 83, 'Paista joko pannulla tai uunissa 250 asteessa noin 15 minuuttia', 3),
(366, 85, 'Jaa taikina osiin (katso annoskoko) ja pyöritä palloiksi', 2),
(367, 85, 'Kauli pallot soikioiksi', 3),
(368, 85, 'Sivele päälle hieman öljyä ja taita soikio kahtia ja aseta leivinpaperipalan päälle', 4),
(369, 85, 'Höyrytä noin 9 minuuttia', 5),
(370, 82, 'Sekoita marinadin ainekset keskenään kanan kanssa ja anna marinoitua vähintään tunnin jääkaapissa', 0),
(371, 82, 'Varrasta kanat ja paista 250 asteisessa uunissa noin 15 minuuttia', 1),
(372, 82, 'Kuullota sipulit öljyssä.', 2),
(373, 84, 'Tee pohja', 0),
(374, 82, 'Lisää mausteet ja paista hetki', 3),
(376, 84, 'Tee valkokastike ja lisää sekaan juustoraaste', 1),
(377, 82, 'Lisää tomaattipyre, tomaattimurska, vesi, kerma ja kanat ja anna hautua.', 4),
(379, 84, 'Pilko kasvikset', 2),
(380, 84, 'Paista 220 asteisessa uunissa noin 20 minuuttia', 3),
(385, 88, 'Paista kanaa ja kinkkua voissa ja oliiviöljyssä keskilämmöllä noin kolme minuuttia. Lisää muskottipähkinä, suolaa ja pippuria.', 0),
(386, 88, 'Sekoita massaan vehnäjauho ja lisää maito hitaasti samalla sekoittaen. Anna hautua noin kolme minuuttia.', 1),
(387, 88, 'Anna massan jäähtyä vähintään huoneenlämpöiseksi.', 2),
(388, 88, 'Pyörittele massa ovaalinmuotoisiksi kroketeiksi.', 3),
(389, 88, 'Leivitä kroketit jaushossa, muna-maitoseoksessa ja korppujauhoissa.', 4),
(390, 88, 'Paista öljyssä noin kolme minuuttia.', 5),
(391, 89, 'Paista liha rapeaksi', 0),
(392, 89, 'Sekoita raastettu parmesan ja keltuaiset tahnaksi', 1),
(393, 89, 'Keitä pasta ja ota keitinvettä talteen', 2),
(394, 89, 'Siivilöi pasta ja sekoita keltuais-juustotahna, panchetta ja pippuri sekaisin kattilassa. Ohenna pastan keitinvedellä kastikemaiseksi.', 3),
(395, 90, 'Viipaloi perunat ranskalaisiksi. Kannattaa jättää melko paksuiksi.', 0),
(396, 90, 'Keitä ranskalaisia noin 5-8 minuuttia. Mahdollisimmat kypsiksi ilman, että niistä tulee hauraita.', 1),
(397, 90, 'Levitä ranskalaiset pellille ja kaada päälle reilusti öljyä.', 2),
(398, 90, 'Laita 225 asteiseen uuniin noin 1-2 tunniksi. Muista sekoittaa välillä.', 3),
(399, 90, 'Nosta talouspaperille, jotta ylimääräinen öljy imeytyy pois.', 4),
(400, 91, 'Pilko valkosulkaa melko pieniksi paloiksi', 0),
(401, 91, 'Mittaa kattilaan sokeri ja vesi', 1),
(402, 91, 'Kuumenna sokeri 130 asteiseksi tai kunnes se alkaa muuttamaan väriä rusehtavaksi', 2),
(403, 91, 'Ota pois levyltä ja sekoita suklaa vispilällä sekaan', 3),
(404, 91, 'Kun suklaa on kovettunut, kaada murut jäähtymään leivinpaperille tai toiseen astiaan', 4),
(405, 91, 'Kattila kannattaa täyttää vedellä, jotta sokeri irtoaa helposti', 5),
(406, 92, 'Laita liivatelehti likoamaan', 0),
(407, 92, 'Paahda valkosuklaa pannussa kultaisen ruskeaksi', 1),
(408, 92, 'Ota pois lämmöltä ja kaada sekaan pienempi kermamäärä (25g perusohjeella) ja sekoita', 2),
(409, 92, 'Sulata liivate sulkaamassaan', 3),
(410, 92, 'Vatkaa valkuaiset ja sokeri vaahdoksi', 4),
(411, 92, 'Vatkaa sekaan suklaaseos', 5),
(412, 92, 'Vatkaa loput kermasta vaahdoksi', 6),
(413, 92, 'Kun suklaaseos on jäähtynyt, taittele se kermavaahdon sekaan', 7),
(414, 92, 'Anna asettua jääkaapissa', 8),
(415, 93, 'Keitä makaronit kypsiksi', 0),
(416, 93, 'Sekoita kaikki aineet keskenään', 1),
(417, 93, 'Paista 200 asteisessa uunissa 20-25 minuuttia', 2),
(418, 94, 'Keitä makaronit', 0),
(419, 94, 'Lämmitä maito mikrossa', 1),
(420, 94, 'Sulata voi ja paahda jauhoa siinä hetki ilman, että jauho ruskistuu', 2),
(421, 94, 'Lisää maito pienissä erissä samalla vispaten. Lisää seuraava erä vasta kun edellinen on sekoittunut tasaiseksi', 3),
(422, 94, 'Anna kiehahtaa ja ota pois lämmöltä', 4),
(423, 94, 'Lisää juusto ja sekoita', 5),
(424, 94, 'Sekoita joukkoon makaronit ja kaada seos uunivuokaan', 6),
(425, 94, 'Sekoita keskenään pankojauhot ja voi ja levitä makaroniseoksen päälle', 7),
(426, 94, 'Paista 180 asteisessa uunissa noin 25 minuuttia', 8);

-- --------------------------------------------------------

--
-- Rakenne taululle `quantities`
--

CREATE TABLE `quantities` (
  `id` int(11) NOT NULL,
  `recipeId` int(11) NOT NULL,
  `ingredientId` int(11) NOT NULL,
  `quantity` double NOT NULL,
  `unit` varchar(64) COLLATE utf8_swedish_ci NOT NULL,
  `arrayIndex` int(11) NOT NULL,
  `prefix` varchar(128) COLLATE utf8_swedish_ci DEFAULT NULL,
  `postfix` varchar(128) COLLATE utf8_swedish_ci DEFAULT NULL
) ENGINE=InnoDB DEFAULT CHARSET=utf8 COLLATE=utf8_swedish_ci;

--
-- Vedos taulusta `quantities`
--

INSERT INTO `quantities` (`id`, `recipeId`, `ingredientId`, `quantity`, `unit`, `arrayIndex`, `prefix`, `postfix`) VALUES
(1, 1, 1, 1, 'dl', 0, NULL, NULL),
(2, 6, 2, 4, '', 0, NULL, NULL),
(3, 2, 2, 3, '', 1, NULL, NULL),
(4, 5, 3, 400, 'g', 1, NULL, NULL),
(5, 3, 4, 7, 'dl', 0, NULL, NULL),
(6, 1, 5, 25, 'g', 1, NULL, NULL),
(7, 4, 6, 2, 'kuppia', 0, NULL, NULL),
(8, 6, 7, 1, 'dl', 1, NULL, NULL),
(9, 2, 7, 1, 'dl', 2, NULL, NULL),
(10, 5, 8, 100, 'g', 2, NULL, NULL),
(11, 3, 9, 3, 'rkl', 1, NULL, NULL),
(12, 1, 9, 2, 'rkl', 2, NULL, NULL),
(13, 6, 12, 2, 'dl', 2, NULL, NULL),
(14, 4, 11, 4, 'tl', 1, NULL, NULL),
(15, 2, 13, 3, 'dl', 3, NULL, NULL),
(16, 1, 15, 1, 'tl', 3, NULL, NULL),
(17, 4, 15, 1, 'tl', 2, NULL, NULL),
(18, 5, 14, 50, 'g', 3, NULL, NULL),
(19, 6, 4, 1, 'dl', 3, NULL, NULL),
(20, 3, 15, 2, 'tl', 2, NULL, NULL),
(21, 4, 9, 1, 'rkl', 3, NULL, NULL),
(22, 2, 16, 5, '', 4, NULL, NULL),
(23, 1, 17, 2, '', 4, NULL, NULL),
(24, 4, 1, 1, 'kuppia', 4, NULL, NULL),
(25, 5, 18, 2, 'tl', 4, NULL, NULL),
(26, 6, 19, 1, 'dl', 4, NULL, NULL),
(27, 3, 20, 1, 'pss', 3, NULL, NULL),
(28, 4, 17, 1, '', 5, NULL, NULL),
(29, 1, 6, 5, 'dl', 5, NULL, NULL),
(30, 2, 21, 1, 'dl', 5, NULL, NULL),
(31, 3, 6, 1000, 'g', 4, NULL, NULL),
(32, 6, 22, 200, 'g', 5, NULL, NULL),
(33, 1, 22, 100, 'g', 6, NULL, NULL),
(34, 5, 23, 1, '', 5, NULL, NULL),
(35, 6, 16, 0, '', 6, NULL, NULL),
(36, 4, 24, 3, 'rkl', 6, NULL, NULL),
(37, 2, 25, 6, 'rkl', 7, NULL, NULL),
(38, 5, 26, 2, 'tl', 6, NULL, NULL),
(39, 6, 27, 0, '', 7, NULL, NULL),
(40, 2, 28, 5, '', 8, NULL, NULL),
(41, 5, 29, 0, '', 7, NULL, NULL),
(42, 6, 30, 1, 'rkl', 8, NULL, NULL),
(43, 2, 22, 250, 'g', 9, NULL, NULL),
(44, 5, 31, 1, 'dl', 8, NULL, NULL),
(45, 2, 32, 1, '', 10, NULL, NULL),
(46, 7, 33, 1, '', 1, NULL, NULL),
(47, 2, 34, 1, 'rkl', 11, NULL, NULL),
(48, 5, 4, 3, 'dl', 10, NULL, NULL),
(49, 8, 35, 400, 'g', 0, NULL, NULL),
(50, 5, 6, 7, 'dl', 11, NULL, NULL),
(51, 7, 36, 1, 'tlk', 2, NULL, NULL),
(52, 8, 15, 1, 'rkl', 1, NULL, NULL),
(53, 2, 37, 1, 'rkl', 12, NULL, NULL),
(54, 5, 15, 1, 'tl', 12, NULL, NULL),
(55, 9, 38, 8, 'dl', 0, NULL, NULL),
(56, 8, 29, 1, 'tl', 2, NULL, NULL),
(57, 7, 40, 4, 'dl', 3, NULL, NULL),
(58, 5, 41, 3, 'rkl', 13, NULL, NULL),
(59, 9, 42, 1, '', 1, NULL, NULL),
(60, 8, 51, 1, 'rkl', 3, NULL, NULL),
(61, 7, 44, 3, 'dl', 4, NULL, NULL),
(62, 10, 43, 460, 'g', 0, NULL, NULL),
(63, 9, 9, 1, 'rkl', 2, NULL, NULL),
(64, 8, 56, 1, 'rkl', 4, NULL, NULL),
(65, 9, 7, 1, 'rkl', 3, NULL, NULL),
(66, 7, 24, 2, 'rkl', 5, NULL, NULL),
(67, 10, 33, 1, '', 1, NULL, NULL),
(68, 5, 46, 1, 'dl', 15, NULL, NULL),
(69, 10, 21, 2, 'rkl', 2, NULL, NULL),
(70, 5, 18, 1, 'dl', 16, NULL, NULL),
(71, 8, 302, 1, 'rkl', 5, NULL, NULL),
(72, 7, 47, 1, '', 6, NULL, NULL),
(73, 9, 48, 1, 'dl', 4, NULL, NULL),
(74, 10, 31, 2, 'rkl', 3, NULL, NULL),
(75, 5, 9, 1, 'tl', 17, NULL, NULL),
(76, 10, 15, 1, 'tl', 4, NULL, NULL),
(77, 9, 15, 1, 'tl', 5, NULL, NULL),
(78, 11, 50, 250, 'g', 0, NULL, NULL),
(79, 5, 15, 2, 'tl', 18, NULL, NULL),
(80, 8, 61, 1, 'tl', 6, NULL, NULL),
(81, 7, 52, 1, 'ruukkua', 7, NULL, NULL),
(82, 9, 29, 0, 'tl', 6, NULL, NULL),
(83, 10, 53, 2, 'tl', 5, NULL, NULL),
(84, 11, 54, 150, 'g', 1, NULL, NULL),
(85, 8, 33, 1, '', 7, NULL, NULL),
(86, 9, 55, 1, 'dl', 7, NULL, NULL),
(87, 10, 57, 2, '', 6, NULL, NULL),
(88, 7, 58, 3, '', 9, NULL, NULL),
(89, 8, 59, 1, '', 8, NULL, NULL),
(90, 11, 59, 1, 'kpl', 2, NULL, NULL),
(91, 10, 51, 2, 'tl', 7, NULL, NULL),
(92, 8, 57, 6, '', 9, NULL, NULL),
(93, 7, 60, 1, '', 10, NULL, NULL),
(94, 10, 11, 2, 'tl', 8, NULL, NULL),
(95, 11, 62, 1, 'nippu ', 3, NULL, NULL),
(96, 7, 52, 1, 'ruukku', 11, NULL, NULL),
(97, 10, 6, 2, 'dl', 9, NULL, NULL),
(98, 11, 30, 1, 'rkl', 4, NULL, NULL),
(99, 8, 303, 2, '', 10, NULL, NULL),
(100, 7, 47, 1, '', 12, NULL, NULL),
(101, 7, 15, 0, '', 13, NULL, NULL),
(102, 11, 64, 1, 'loraus', 5, NULL, NULL),
(103, 12, 65, 4, '', 0, NULL, NULL),
(104, 8, 69, 280, 'g', 11, NULL, NULL),
(105, 11, 29, 1, 'ripaus', 6, NULL, NULL),
(106, 12, 35, 500, 'g', 1, NULL, NULL),
(107, 7, 35, 400, 'g', 15, NULL, NULL),
(108, 8, 36, 400, 'g', 12, NULL, NULL),
(109, 12, 24, 1, 'rkl', 2, NULL, NULL),
(110, 7, 15, 1, 'tl', 16, NULL, NULL),
(111, 12, 57, 2, '', 3, NULL, NULL),
(112, 8, 194, 5, 'dl', 13, NULL, NULL),
(113, 13, 68, 1, 'dl', 0, NULL, NULL),
(114, 7, 52, 1, 'tl', 17, NULL, NULL),
(115, 7, 51, 1, 'tl', 18, NULL, NULL),
(116, 14, 20, 1, 'rkl', 0, NULL, NULL),
(117, 12, 69, 4, 'rkl', 4, NULL, NULL),
(118, 7, 63, 2, 'tl', 19, NULL, NULL),
(119, 13, 70, 1, '', 1, NULL, NULL),
(120, 14, 6, 350, 'g', 1, NULL, NULL),
(121, 12, 51, 4, 'tl', 5, NULL, NULL),
(122, 14, 4, 1, 'dl', 2, NULL, NULL),
(123, 7, 72, 1, 'tl', 20, NULL, NULL),
(124, 13, 71, 20, '', 2, NULL, NULL),
(125, 12, 63, 3, 'tl', 6, NULL, NULL),
(126, 15, 73, 500, 'g', 0, NULL, NULL),
(127, 12, 29, 2, 'tl', 7, NULL, NULL),
(128, 7, 61, 1, 'tl', 21, NULL, NULL),
(129, 13, 26, 1, 'pala', 3, NULL, NULL),
(130, 14, 74, 1, 'dl', 3, NULL, NULL),
(131, 12, 15, 1, 'tl', 8, NULL, NULL),
(132, 14, 24, 2, 'rkl', 4, NULL, NULL),
(133, 15, 77, 1, 'nippu ', 1, NULL, NULL),
(134, 13, 76, 1, 'tl', 4, NULL, NULL),
(135, 7, 75, 2, 'tl', 22, NULL, NULL),
(136, 12, 4, 2, 'rkl', 9, NULL, NULL),
(137, 12, 59, 1, '', 10, NULL, NULL),
(138, 15, 62, 0, ' nippua', 2, NULL, NULL),
(139, 14, 78, 4, 'rkl', 5, NULL, NULL),
(140, 16, 80, 8, 'dl', 0, NULL, NULL),
(141, 7, 81, 2, 'tl', 23, NULL, NULL),
(142, 13, 79, 2, 'palaa', 5, NULL, NULL),
(143, 15, 30, 2, 'rkl', 3, NULL, NULL),
(144, 14, 15, 1, 'tl', 6, NULL, NULL),
(145, 12, 82, 1, '', 11, NULL, NULL),
(146, 15, 64, 1, 'loraus', 4, NULL, NULL),
(147, 16, 83, 8, '', 1, NULL, NULL),
(148, 12, 73, 0, '', 12, NULL, NULL),
(149, 15, 84, 0, '', 5, NULL, NULL),
(150, 7, 85, 250, '', 25, NULL, NULL),
(151, 16, 86, 2, '', 2, NULL, NULL),
(152, 12, 87, 0, '', 13, NULL, NULL),
(153, 16, 33, 150, 'g', 3, NULL, NULL),
(154, 12, 84, 0, '', 14, NULL, NULL),
(155, 7, 88, 1, '', 26, NULL, NULL),
(156, 7, 55, 0, '', 27, NULL, NULL),
(157, 16, 89, 750, 'g', 4, NULL, NULL),
(158, 16, 42, 2, '', 5, NULL, NULL),
(159, 17, 90, 500, 'g', 0, NULL, NULL),
(160, 7, 91, 0, '', 28, NULL, NULL),
(161, 16, 92, 600, 'g', 6, NULL, NULL),
(162, 17, 93, 400, 'g', 1, NULL, NULL),
(163, 19, 94, 400, 'g', 0, NULL, NULL),
(164, 18, 95, 5, 'min', 1, NULL, NULL),
(165, 16, 15, 1, 'tl', 7, NULL, NULL),
(166, 17, 14, 3, '', 2, NULL, NULL),
(167, 19, 77, 1, 'nippu', 1, NULL, NULL),
(168, 18, 96, 7, 'min', 2, NULL, NULL),
(169, 20, 98, 2, 'dl', 0, NULL, NULL),
(170, 16, 97, 2, 'dl', 8, NULL, NULL),
(171, 19, 62, 1, 'nippua', 2, NULL, NULL),
(172, 17, 99, 200, 'g', 3, NULL, NULL),
(173, 17, 32, 2, '', 4, NULL, NULL),
(174, 17, 15, 0, '', 5, NULL, NULL),
(175, 17, 29, 0, '', 6, NULL, NULL),
(176, 18, 100, 25, 'min', 3, NULL, NULL),
(177, 20, 103, 1, 'tl', 1, NULL, NULL),
(178, 19, 101, 2, 'kpl', 3, NULL, NULL),
(179, 16, 102, 1, 'dl', 9, NULL, NULL),
(180, 17, 64, 0, '', 7, NULL, NULL),
(181, 21, 33, 1, '', 1, NULL, NULL),
(182, 19, 15, 1, 'tl', 4, NULL, NULL),
(183, 17, 102, 0, '', 8, NULL, NULL),
(184, 21, 57, 4, '', 2, NULL, NULL),
(185, 18, 84, 0, '', 5, NULL, NULL),
(186, 20, 104, 1, 'rkl', 2, NULL, NULL),
(187, 19, 29, 1, 'ripaus ', 5, NULL, NULL),
(188, 21, 64, 1, 'dl', 3, NULL, NULL),
(189, 18, 84, 0, '', 6, NULL, NULL),
(190, 20, 29, 0, '', 3, NULL, NULL),
(191, 21, 35, 400, 'g', 4, NULL, NULL),
(192, 18, 84, 0, '', 7, NULL, NULL),
(193, 20, 30, 0, '', 4, NULL, NULL),
(194, 21, 105, 3, 'rkl', 5, NULL, NULL),
(195, 23, 1, 1, 'l', 0, NULL, NULL),
(196, 22, 17, 2, '', 0, NULL, NULL),
(197, 21, 106, 2, 'rkl', 6, NULL, NULL),
(198, 23, 15, 1, 'tl', 1, NULL, NULL),
(199, 21, 62, 1, 'dl', 7, NULL, NULL),
(200, 22, 6, 250, 'g', 1, NULL, NULL),
(201, 24, 107, 1, 'l', 0, NULL, NULL),
(202, 22, 4, 1, 'dl', 2, NULL, NULL),
(203, 23, 108, 1, 'tl', 2, NULL, NULL),
(204, 25, 110, 4, '', 1, NULL, NULL),
(205, 21, 109, 1, 'dl', 8, NULL, NULL),
(206, 24, 111, 2, 'rkl', 1, NULL, NULL),
(207, 26, 112, 500, 'g', 0, NULL, NULL),
(208, 21, 15, 2, 'tl', 9, NULL, NULL),
(209, 25, 113, 2, 'dl', 2, NULL, NULL),
(210, 24, 114, 0, '', 2, NULL, NULL),
(211, 26, 115, 1, 'dl', 1, NULL, NULL),
(212, 25, 116, 3, '', 3, NULL, NULL),
(213, 24, 15, 0, '', 3, NULL, NULL),
(214, 21, 22, 50, 'g', 11, NULL, NULL),
(215, 25, 9, 2, 'dl', 4, NULL, NULL),
(216, 26, 117, 1, 'kpl', 2, NULL, NULL),
(217, 21, 6, 1, 'dl', 12, NULL, NULL),
(218, 26, 30, 1, 'rkl', 3, NULL, NULL),
(219, 21, 1, 6, 'dl', 13, NULL, NULL),
(220, 25, 118, 2, 'tl', 5, NULL, NULL),
(221, 26, 15, 1, 'tl', 4, NULL, NULL),
(222, 27, 119, 1, 'pkt', 0, NULL, NULL),
(223, 25, 4, 2, 'rkl', 6, NULL, NULL),
(224, 21, 120, 2, 'dl', 14, NULL, NULL),
(225, 26, 121, 1, 'tl', 5, NULL, NULL),
(226, 25, 117, 3, '', 8, NULL, NULL),
(227, 27, 122, 2, 'tl', 1, NULL, NULL),
(228, 28, 123, 500, 'g', 0, NULL, NULL),
(229, 21, 124, 2, 'tl', 15, NULL, NULL),
(230, 27, 29, 0, 'tl', 2, NULL, NULL),
(231, 25, 9, 0, '', 9, NULL, NULL),
(232, 26, 125, 4, 'rkl', 6, NULL, NULL),
(233, 28, 22, 3, 'rkl', 1, NULL, NULL),
(234, 27, 32, 1, '', 3, NULL, NULL),
(235, 21, 15, 1, 'tl', 16, NULL, NULL),
(236, 25, 6, 0, '', 10, NULL, NULL),
(237, 28, 126, 3, 'rkl', 2, NULL, NULL),
(238, 29, 127, 1, '', 0, NULL, NULL),
(239, 27, 128, 1, '', 4, NULL, NULL),
(240, 25, 129, 0, '', 11, NULL, NULL),
(241, 28, 1, 5, 'dl', 3, NULL, NULL),
(242, 29, 24, 2, 'dl', 1, NULL, NULL),
(243, 21, 130, 4, '', 18, NULL, NULL),
(244, 25, 11, 1, 'tl', 12, NULL, NULL),
(245, 27, 131, 2, '', 5, NULL, NULL),
(246, 28, 133, 200, 'g', 4, NULL, NULL),
(247, 29, 132, 1, 'tl', 2, NULL, NULL),
(248, 21, 134, 400, 'g', 19, NULL, NULL),
(249, 27, 15, 0, '', 6, NULL, NULL),
(250, 25, 110, 5, '', 14, NULL, NULL),
(251, 28, 15, 0, '', 5, NULL, NULL),
(252, 30, 135, 5, 'dl', 0, NULL, NULL),
(253, 29, 136, 1, 'loraus', 3, NULL, NULL),
(254, 27, 137, 1, 'dl', 7, NULL, NULL),
(255, 28, 29, 0, '', 6, NULL, NULL),
(256, 29, 15, 0, '', 4, NULL, NULL),
(257, 25, 138, 125, 'g', 15, NULL, NULL),
(258, 27, 64, 2, 'rkl', 8, NULL, NULL),
(259, 30, 139, 3, '', 1, NULL, NULL),
(260, 25, 4, 2, 'dl', 16, NULL, NULL),
(261, 25, 9, 1, 'dl', 17, NULL, NULL),
(262, 30, 140, 1, 'plo', 2, NULL, NULL),
(263, 31, 141, 1, 'l', 0, NULL, NULL),
(264, 25, 142, 1, 'dl', 18, NULL, NULL),
(265, 30, 143, 3, 'dl', 3, NULL, NULL),
(266, 31, 144, 1, '', 1, NULL, NULL),
(267, 25, 145, 1, 'dl', 19, NULL, NULL),
(268, 30, 146, 8, 'dl', 4, NULL, NULL),
(269, 31, 12, 1, 'plo', 2, NULL, NULL),
(270, 32, 147, 3, 'dl', 0, NULL, NULL),
(271, 25, 148, 0, '', 20, NULL, NULL),
(272, 33, 18, 1, 'rkl', 0, NULL, NULL),
(273, 31, 150, 3, 'dl', 3, NULL, NULL),
(274, 30, 149, 5, 'dl', 5, NULL, NULL),
(275, 32, 151, 3, 'dl', 1, NULL, NULL),
(276, 34, 4, 1, 'kuppia', 0, NULL, NULL),
(277, 33, 152, 1, 'rkl', 1, NULL, NULL),
(278, 31, 153, 1, 'l', 4, NULL, NULL),
(279, 34, 20, 1, 'tl', 1, NULL, NULL),
(280, 32, 154, 3, 'dl', 2, NULL, NULL),
(281, 33, 46, 1, 'rkl', 2, NULL, NULL),
(282, 34, 9, 2, 'tl', 2, NULL, NULL),
(283, 32, 140, 1, 'plo', 3, NULL, NULL),
(284, 31, 155, 5, 'dl', 5, NULL, NULL),
(285, 34, 6, 2, 'kuppia', 3, NULL, NULL),
(286, 32, 143, 3, 'dl', 4, NULL, NULL),
(287, 35, 59, 3, 'kpl', 0, NULL, NULL),
(288, 34, 15, 1, 'tl', 4, NULL, NULL),
(289, 31, 156, 0, '', 6, NULL, NULL),
(290, 36, 17, 2, '', 0, NULL, NULL),
(291, 34, 11, 0, 'tl', 5, NULL, NULL),
(292, 35, 53, 2, 'kpl', 1, NULL, NULL),
(293, 32, 157, 8, 'dl', 5, NULL, NULL),
(294, 32, 153, 5, 'dl', 6, NULL, NULL),
(295, 34, 159, 3, 'rkl', 6, NULL, NULL),
(296, 36, 160, 100, 'g', 1, NULL, NULL),
(297, 35, 158, 3, 'rkl', 2, NULL, NULL),
(298, 34, 64, 2, 'rkl', 7, NULL, NULL),
(299, 35, 51, 1, 'tl', 3, NULL, NULL),
(300, 32, 161, 0, '', 7, NULL, NULL),
(301, 36, 162, 100, 'g', 2, NULL, NULL),
(302, 35, 163, 250, 'g', 4, NULL, NULL),
(303, 37, 164, 300, 'g', 0, NULL, NULL),
(304, 37, 165, 85, 'g', 1, NULL, NULL),
(305, 39, 167, 1, '', 0, NULL, NULL),
(306, 38, 166, 1, 'kg', 0, NULL, NULL),
(307, 40, 164, 200, 'g', 0, NULL, NULL),
(308, 37, 168, 450, 'g', 2, NULL, NULL),
(309, 40, 168, 450, 'g', 1, NULL, NULL),
(310, 41, 169, 2, 'rkl', 0, NULL, NULL),
(311, 38, 171, 1, '', 1, NULL, NULL),
(312, 39, 170, 1, '', 1, NULL, NULL),
(313, 41, 9, 1, 'rkl', 1, NULL, NULL),
(314, 40, 172, 200, 'g', 2, NULL, NULL),
(315, 37, 173, 1, '', 3, NULL, NULL),
(316, 39, 173, 2, '', 2, NULL, NULL),
(317, 41, 15, 1, 'tl', 2, NULL, NULL),
(318, 38, 174, 1, '', 2, NULL, NULL),
(319, 39, 57, 2, '', 3, NULL, NULL),
(320, 40, 15, 1, 'tl', 3, NULL, NULL),
(321, 37, 170, 1, '', 4, NULL, NULL),
(322, 42, 175, 800, 'g', 0, NULL, NULL),
(323, 39, 36, 1, 'tlk', 4, NULL, NULL),
(324, 40, 29, 1, 'tl', 4, NULL, NULL),
(325, 41, 176, 0, '', 3, NULL, NULL),
(326, 38, 178, 1, 'prk', 3, NULL, NULL),
(327, 37, 177, 3, 'dl', 5, NULL, NULL),
(328, 42, 181, 150, 'g', 1, NULL, NULL),
(329, 40, 180, 150, 'g', 5, NULL, NULL),
(330, 39, 179, 1, 'prk', 5, NULL, NULL),
(331, 37, 62, 1, '', 6, NULL, NULL),
(332, 38, 55, 2, 'prk', 4, NULL, NULL),
(333, 39, 75, 0, '', 6, NULL, NULL),
(334, 40, 97, 2, 'dl', 6, NULL, NULL),
(335, 37, 15, 0, '', 7, NULL, NULL),
(336, 38, 183, 150, 'g', 5, NULL, NULL),
(337, 42, 182, 2, 'dl', 2, NULL, NULL),
(338, 37, 29, 0, '', 8, NULL, NULL),
(339, 38, 132, 2, 'rkl', 6, NULL, NULL),
(340, 42, 15, 1, 'tl', 3, NULL, NULL),
(341, 39, 184, 0, '', 7, NULL, NULL),
(342, 40, 185, 150, 'g', 7, NULL, NULL),
(343, 43, 6, 730, 'g', 0, NULL, NULL),
(344, 42, 57, 1, '', 4, NULL, NULL),
(345, 39, 29, 0, '', 8, NULL, NULL),
(346, 38, 186, 2, 'rkl', 7, NULL, NULL),
(347, 43, 4, 500, 'g', 1, NULL, NULL),
(348, 42, 17, 1, '', 5, NULL, NULL),
(349, 39, 15, 0, '', 9, NULL, NULL),
(350, 42, 6, 3, 'dl', 6, NULL, NULL),
(351, 43, 20, 7, 'g', 2, NULL, NULL),
(352, 38, 9, 1, 'rkl', 8, NULL, NULL),
(353, 43, 15, 14, 'g', 3, NULL, NULL),
(354, 38, 121, 1, 'tl', 9, NULL, NULL),
(355, 43, 24, 14, 'g', 4, NULL, NULL),
(356, 38, 187, 1, 'dl', 10, NULL, NULL),
(357, 43, 9, 14, 'g', 5, NULL, NULL),
(358, 38, 188, 0, '', 11, NULL, NULL),
(359, 44, 189, 300, 'g', 0, NULL, NULL),
(360, 45, 4, 5, 'dl', 0, NULL, NULL),
(361, 44, 17, 3, '', 1, NULL, NULL),
(362, 45, 20, 1, 'pussi', 1, NULL, NULL),
(363, 46, 190, 2, 'kg', 0, NULL, NULL),
(364, 44, 9, 3, 'dl', 2, NULL, NULL),
(365, 45, 15, 2, 'tl', 2, NULL, NULL),
(366, 47, 33, 3, '', 0, NULL, NULL),
(367, 44, 24, 2, 'dl', 3, NULL, NULL),
(368, 46, 191, 1, '', 1, NULL, NULL),
(369, 48, 193, 1, 'kg', 0, NULL, NULL),
(370, 45, 192, 1, 'rkl', 3, NULL, NULL),
(371, 47, 9, 3, 'rkl', 1, NULL, NULL),
(372, 44, 6, 4, 'dl', 4, NULL, NULL),
(373, 46, 57, 3, '', 2, NULL, NULL),
(374, 49, 194, 5, 'dl', 0, NULL, NULL),
(375, 48, 198, 0, '', 1, NULL, NULL),
(376, 45, 196, 1, 'dl', 4, NULL, NULL),
(377, 44, 197, 2, 'tl', 5, NULL, NULL),
(378, 47, 195, 0, 'dl', 2, NULL, NULL),
(379, 46, 199, 2, 'tl', 3, NULL, NULL),
(380, 49, 140, 3, 'dl', 1, NULL, NULL),
(381, 47, 194, 2, 'dl', 3, NULL, NULL),
(382, 46, 15, 2, 'tl', 4, NULL, NULL),
(383, 44, 201, 1, 'tl', 6, NULL, NULL),
(384, 45, 200, 1, 'dl', 5, NULL, NULL),
(385, 47, 140, 1, 'dl', 4, NULL, NULL),
(386, 49, 202, 1, '', 2, NULL, NULL),
(387, 46, 29, 0, '', 5, NULL, NULL),
(388, 44, 11, 1, 'tl', 7, NULL, NULL),
(389, 45, 202, 1, '', 6, NULL, NULL),
(390, 47, 29, 1, 'tl', 5, NULL, NULL),
(391, 46, 198, 3, 'dl', 6, NULL, NULL),
(392, 49, 203, 1, '', 3, NULL, NULL),
(393, 45, 205, 2, 'dl', 7, NULL, NULL),
(394, 47, 204, 2, '', 6, NULL, NULL),
(395, 44, 22, 50, 'g', 9, NULL, NULL),
(396, 49, 9, 1, 'rkl', 4, NULL, NULL),
(397, 45, 24, 1, 'dl', 8, NULL, NULL),
(398, 49, 109, 0, '', 5, NULL, NULL),
(399, 44, 206, 180, 'g', 10, NULL, NULL),
(400, 45, 207, 10, 'dl', 9, NULL, NULL),
(401, 49, 208, 0, '', 6, NULL, NULL),
(402, 50, 1, 3, 'dl', 1, NULL, NULL),
(403, 44, 209, 2, 'dl', 11, NULL, NULL),
(404, 50, 5, 25, 'g', 2, NULL, NULL),
(405, 49, 29, 0, '', 7, NULL, NULL),
(406, 49, 15, 0, '', 8, NULL, NULL),
(407, 50, 9, 1, 'dl', 3, NULL, NULL),
(408, 44, 210, 1, 'tl', 12, NULL, NULL),
(409, 50, 76, 1, 'tl', 4, NULL, NULL),
(410, 50, 15, 1, 'tl', 5, NULL, NULL),
(411, 51, 22, 200, 'g', 1, NULL, NULL),
(412, 50, 127, 1, '', 6, NULL, NULL),
(413, 51, 9, 1, 'dl', 2, NULL, NULL),
(414, 50, 22, 100, 'g', 7, NULL, NULL),
(415, 53, 38, 1, '', 0, NULL, NULL),
(416, 50, 207, 8, 'dl', 8, NULL, NULL),
(417, 51, 211, 3, 'dl', 3, NULL, NULL),
(418, 52, 22, 100, 'g', 1, NULL, NULL),
(419, 52, 9, 1, 'dl', 2, NULL, NULL),
(420, 51, 6, 1, 'dl', 4, NULL, NULL),
(421, 53, 212, 1, '', 1, NULL, NULL),
(422, 50, 73, 200, 'g', 10, NULL, NULL),
(423, 52, 118, 1, 'tl', 3, NULL, NULL),
(424, 51, 11, 1, 'tl', 5, NULL, NULL),
(425, 50, 9, 1, 'dl', 11, NULL, NULL),
(426, 53, 42, 400, 'g', 2, NULL, NULL),
(427, 50, 127, 1, '', 12, NULL, NULL),
(428, 52, 213, 1, '', 4, NULL, NULL),
(429, 53, 214, 1, '', 3, NULL, NULL),
(430, 51, 215, 5, 'dl', 7, NULL, NULL),
(431, 52, 6, 3, 'dl', 5, NULL, NULL),
(432, 50, 216, 72, 'g', 13, NULL, NULL),
(433, 53, 116, 3, '', 4, NULL, NULL),
(434, 55, 44, 1, 'dl', 0, NULL, NULL),
(435, 51, 9, 1, 'dl', 8, NULL, NULL),
(436, 50, 215, 200, 'g', 14, NULL, NULL),
(437, 53, 24, 2, 'dl', 5, NULL, NULL),
(438, 55, 4, 2, 'dl', 1, NULL, NULL),
(439, 51, 129, 0, 'dl', 9, NULL, NULL),
(440, 53, 9, 2, 'tl', 6, NULL, NULL),
(441, 52, 217, 200, 'g', 7, NULL, NULL),
(442, 53, 15, 0, '', 7, NULL, NULL),
(443, 50, 218, 0, '', 16, NULL, NULL),
(444, 53, 29, 0, '', 8, NULL, NULL),
(445, 52, 219, 170, 'g', 8, NULL, NULL),
(446, 50, 220, 1, '', 17, NULL, NULL),
(447, 52, 221, 80, 'g', 9, NULL, NULL),
(448, 57, 222, 4, 'dl', 0, NULL, NULL),
(449, 52, 197, 0, '', 10, NULL, NULL),
(450, 56, 223, 45, 'g', 1, NULL, NULL),
(451, 57, 24, 1, 'rkl', 1, NULL, NULL),
(452, 52, 224, 3, '', 11, NULL, NULL),
(453, 57, 173, 1, '', 2, NULL, NULL),
(454, 56, 126, 45, 'g', 2, NULL, NULL),
(455, 52, 30, 0, '', 12, NULL, NULL),
(456, 58, 225, 1, 'l', 0, NULL, NULL),
(457, 57, 15, 1, 'ripaus', 3, NULL, NULL),
(458, 56, 226, 1, 'l', 3, NULL, NULL),
(459, 58, 5, 50, 'g', 1, NULL, NULL),
(460, 57, 29, 1, 'ripaus', 4, NULL, NULL),
(461, 52, 209, 0, '', 14, NULL, NULL),
(462, 57, 23, 1, '', 5, NULL, NULL),
(463, 58, 192, 3, 'dl', 2, NULL, NULL),
(464, 52, 197, 0, '', 15, NULL, NULL),
(465, 59, 227, 1, 'l', 1, NULL, NULL),
(466, 58, 205, 3, 'dl', 3, NULL, NULL),
(467, 60, 228, 49, '', 1, NULL, NULL),
(468, 57, 229, 150, 'g', 6, NULL, NULL),
(469, 59, 173, 1, '', 2, NULL, NULL),
(470, 58, 230, 3, 'dl', 4, NULL, NULL),
(471, 57, 12, 1, 'dl', 7, NULL, NULL),
(472, 59, 57, 4, '', 3, NULL, NULL),
(473, 60, 231, 26, '', 2, NULL, NULL),
(474, 58, 211, 3, 'dl', 5, NULL, NULL),
(475, 59, 22, 2, 'rkl', 4, NULL, NULL),
(476, 57, 182, 50, 'g', 8, NULL, NULL),
(477, 58, 6, 10, 'dl', 6, NULL, NULL),
(478, 61, 44, 5, 'dl', 0, NULL, NULL),
(479, 59, 62, 1, 'nippu', 5, NULL, NULL),
(480, 60, 232, 31, '', 3, NULL, NULL),
(481, 61, 4, 6, 'dl', 1, NULL, NULL),
(482, 58, 15, 1, 'rkl', 7, NULL, NULL),
(483, 59, 233, 2, 'dl', 6, NULL, NULL),
(484, 60, 228, 45, '', 5, NULL, NULL),
(485, 59, 15, 1, 'ripaus', 7, NULL, NULL),
(486, 60, 231, 26, '', 6, NULL, NULL),
(487, 59, 121, 1, 'ripaus', 8, NULL, NULL),
(488, 60, 232, 30, '', 7, NULL, NULL),
(489, 59, 64, 2, 'rkl', 10, NULL, NULL),
(490, 60, 228, 40, '', 9, NULL, NULL),
(491, 59, 22, 25, 'g', 11, NULL, NULL),
(492, 60, 231, 26, '', 10, NULL, NULL),
(493, 59, 227, 1, 'dl', 12, NULL, NULL),
(494, 60, 232, 28, '', 11, NULL, NULL),
(495, 59, 235, 1, 'dl', 13, NULL, NULL),
(496, 62, 234, 2, 'dl', 0, NULL, NULL),
(497, 64, 4, 5, 'dl', 0, NULL, NULL),
(498, 63, 236, 2, 'dl', 1, NULL, NULL),
(499, 59, 15, 1, 'ripaus', 14, NULL, NULL),
(500, 65, 237, 1, 'dl', 0, NULL, NULL),
(501, 64, 20, 1, 'pss', 1, NULL, NULL),
(502, 62, 238, 150, 'g', 1, NULL, NULL),
(503, 65, 132, 1, 'rkl', 1, NULL, NULL),
(504, 64, 15, 2, 'tl', 2, NULL, NULL),
(505, 66, 168, 400, 'g', 1, NULL, NULL),
(506, 63, 239, 2, 'dl', 2, NULL, NULL),
(507, 62, 59, 1, 'kpl', 2, NULL, NULL),
(508, 65, 64, 2, 'dl', 2, NULL, NULL),
(509, 66, 203, 1, '', 2, NULL, NULL),
(510, 63, 11, 1, 'tl', 3, NULL, NULL),
(511, 64, 240, 1, 'rkl', 3, NULL, NULL),
(512, 62, 241, 1, 'kpl', 3, NULL, NULL),
(513, 63, 15, 1, 'tl', 4, NULL, NULL),
(514, 65, 242, 2, 'rkl', 3, NULL, NULL),
(515, 66, 243, 1, 'dl', 3, NULL, NULL),
(516, 64, 236, 12, 'dl', 4, NULL, NULL),
(517, 62, 33, 1, 'kpl', 4, NULL, NULL),
(518, 64, 64, 2, 'rkl', 5, NULL, NULL),
(519, 65, 30, 0, '', 4, NULL, NULL),
(520, 66, 127, 1, '', 4, NULL, NULL),
(521, 63, 244, 3, 'dl', 5, NULL, NULL),
(522, 62, 62, 1, 'nippu', 5, NULL, NULL),
(523, 62, 77, 0, 'nippua', 6, NULL, NULL),
(524, 66, 246, 1, 'tl', 5, NULL, NULL),
(525, 64, 245, 1, 'dl', 6, NULL, NULL),
(526, 63, 152, 1, 'dl', 7, NULL, NULL),
(527, 62, 30, 1, 'rkl', 7, NULL, NULL),
(528, 66, 23, 1, '', 6, NULL, NULL),
(529, 67, 238, 400, 'g', 0, NULL, NULL),
(530, 63, 46, 1, 'dl', 8, NULL, NULL),
(531, 62, 64, 1, 'rkl', 8, NULL, NULL),
(532, 67, 60, 1, 'kpl', 1, NULL, NULL),
(533, 63, 9, 2, 'tl', 9, NULL, NULL),
(534, 68, 9, 2, 'dl', 0, NULL, NULL),
(535, 66, 247, 1, 'tl', 7, NULL, NULL),
(536, 67, 62, 1, 'nippu', 2, NULL, NULL),
(537, 68, 240, 2, 'rkl', 1, NULL, NULL),
(538, 63, 4, 1, 'dl', 10, NULL, NULL),
(539, 66, 15, 0, '', 8, NULL, NULL),
(540, 67, 30, 1, 'rkl', 3, NULL, NULL),
(541, 68, 4, 1, 'dl', 2, NULL, NULL),
(542, 67, 15, 1, 'tl', 4, NULL, NULL),
(543, 66, 29, 0, '', 9, NULL, NULL),
(544, 63, 248, 1, 'rkl', 11, NULL, NULL),
(545, 68, 110, 7, '', 3, NULL, NULL),
(546, 67, 53, 1, 'kpl', 5, NULL, NULL),
(547, 68, 249, 100, 'g', 4, NULL, NULL),
(548, 67, 63, 1, 'tl', 6, NULL, NULL),
(549, 66, 152, 1, 'kuppia', 11, NULL, NULL),
(550, 69, 46, 0, 'kuppia', 1, NULL, NULL),
(551, 66, 46, 1, 'kuppia', 12, NULL, NULL),
(552, 68, 251, 2, 'tl', 5, NULL, NULL),
(553, 67, 250, 1, 'tl', 7, NULL, NULL),
(554, 66, 9, 0, 'kuppia', 13, NULL, NULL),
(555, 69, 152, 2, 'tl', 2, NULL, NULL),
(556, 70, 252, 200, 'g', 0, NULL, NULL),
(557, 67, 9, 1, 'tl', 8, NULL, NULL),
(558, 66, 237, 1, 'rkl', 14, NULL, NULL),
(559, 69, 9, 3, 'tl', 3, NULL, NULL),
(560, 67, 64, 1, 'loraus ', 9, NULL, NULL),
(561, 68, 209, 1, 'dl', 7, NULL, NULL),
(562, 70, 6, 4, 'dl', 1, NULL, NULL),
(563, 66, 57, 3, '', 15, NULL, NULL),
(564, 69, 247, 2, 'tl', 4, NULL, NULL),
(565, 70, 9, 2, 'dl', 2, NULL, NULL),
(566, 68, 111, 1, 'dl', 8, NULL, NULL),
(567, 66, 2, 3, '', 16, NULL, NULL),
(568, 69, 57, 1, '', 5, NULL, NULL),
(569, 70, 11, 2, 'tl', 3, NULL, NULL),
(570, 70, 17, 2, '', 4, NULL, NULL),
(571, 69, 254, 2, 'tl', 6, NULL, NULL),
(572, 66, 253, 1, 'tl', 17, NULL, NULL),
(573, 71, 6, 4, 'dl', 1, NULL, NULL),
(574, 66, 29, 0, '', 18, NULL, NULL),
(575, 70, 255, 4, '', 5, NULL, NULL),
(576, 71, 9, 2, 'dl', 2, NULL, NULL),
(577, 70, 197, 2, 'tl', 6, NULL, NULL),
(578, 69, 256, 300, 'g', 8, NULL, NULL),
(579, 71, 11, 1, 'tl', 3, NULL, NULL),
(580, 69, 42, 2, '', 9, NULL, NULL),
(581, 71, 201, 1, 'tl', 4, NULL, NULL),
(582, 71, 118, 1, 'tl', 5, NULL, NULL),
(583, 69, 128, 1, '', 10, NULL, NULL),
(584, 69, 88, 1, '', 11, NULL, NULL),
(585, 71, 257, 125, 'g', 6, NULL, NULL),
(586, 69, 17, 2, '', 12, NULL, NULL),
(587, 73, 64, 2, 'rkl', 0, NULL, NULL),
(588, 72, 258, 150, 'g', 0, NULL, NULL),
(589, 73, 33, 2, '', 1, NULL, NULL),
(590, 69, 259, 2, 'dl', 13, NULL, NULL),
(591, 71, 225, 1, 'dl', 8, NULL, NULL),
(592, 72, 17, 1, '', 1, NULL, NULL),
(593, 74, 157, 1, 'l', 0, NULL, NULL),
(594, 69, 254, 0, '', 14, NULL, NULL),
(595, 71, 127, 1, 'kpl', 9, NULL, NULL),
(596, 73, 260, 2, '', 2, NULL, NULL),
(597, 74, 26, 1, 'pala', 1, NULL, NULL),
(598, 72, 184, 0.5, 'dl', 2, NULL, NULL),
(599, 69, 14, 0, '', 15, NULL, NULL),
(600, 74, 70, 2, '', 2, NULL, NULL),
(601, 72, 274, 125, 'g', 3, NULL, NULL),
(602, 73, 42, 2, '', 3, NULL, NULL),
(603, 74, 71, 4, '', 3, NULL, NULL),
(604, 72, 126, 0, '', 5, NULL, NULL),
(605, 71, 262, 1, 'dl', 11, NULL, NULL),
(606, 69, 261, 0, '', 16, NULL, NULL),
(607, 73, 263, 450, 'g', 4, NULL, NULL),
(608, 74, 264, 2, '', 4, NULL, NULL),
(609, 73, 165, 170, 'g', 5, NULL, NULL),
(610, 71, 265, 1, 'tlk', 12, NULL, NULL),
(611, 73, 140, 1, 'kuppia', 6, NULL, NULL),
(612, 74, 9, 2, 'rkl', 5, NULL, NULL),
(613, 71, 9, 1, 'dl ', 13, NULL, NULL),
(614, 74, 118, 2, 'tl', 6, NULL, NULL),
(615, 73, 194, 3, 'kuppia', 7, NULL, NULL),
(616, 71, 17, 2, 'kpl', 14, NULL, NULL),
(617, 73, 69, 3, 'rkl', 8, NULL, NULL),
(618, 74, 4, 1, 'dl', 7, NULL, NULL),
(619, 75, 266, 1, 'kg', 0, NULL, NULL),
(620, 71, 118, 2, 'tl', 15, NULL, NULL),
(621, 73, 15, 0, '', 9, NULL, NULL),
(622, 75, 57, 8, '', 1, NULL, NULL),
(623, 73, 29, 0, '', 10, NULL, NULL),
(624, 74, 174, 1, '', 9, NULL, NULL),
(625, 75, 26, 2, 'rkl', 2, NULL, NULL),
(626, 75, 46, 2, 'dl', 3, NULL, NULL),
(627, 76, 168, 2, 'kg', 1, NULL, NULL),
(628, 76, 42, 2, '', 2, NULL, NULL),
(629, 77, 17, 2, '', 0, NULL, NULL),
(630, 75, 267, 4, 'rkl', 4, NULL, NULL),
(631, 76, 33, 2, '', 3, NULL, NULL),
(632, 77, 46, 2, 'rkl', 1, NULL, NULL),
(633, 77, 152, 2, 'rkl', 2, NULL, NULL),
(634, 76, 4, 3, 'l', 4, NULL, NULL),
(635, 75, 240, 4, 'rkl', 5, NULL, NULL),
(636, 75, 247, 2, 'rkl', 6, NULL, NULL),
(637, 77, 4, 4, 'rkl', 3, NULL, NULL),
(638, 78, 268, 100, 'g', 0, NULL, NULL),
(639, 76, 269, 1, '', 5, NULL, NULL),
(640, 75, 18, 2, 'rkl', 7, NULL, NULL),
(641, 78, 4, 350, 'g', 1, NULL, NULL),
(642, 79, 258, 150, 'g', 0, NULL, NULL),
(643, 76, 26, 4, 'cm', 6, NULL, NULL),
(644, 75, 4, 0, 'dl', 8, NULL, NULL),
(645, 78, 207, 500, 'g', 2, NULL, NULL),
(646, 79, 17, 1, '', 1, NULL, NULL),
(647, 78, 15, 10, 'g', 3, NULL, NULL),
(648, 79, 271, 1, 'dl', 2, NULL, NULL),
(649, 76, 270, 50, 'g', 7, NULL, NULL),
(650, 80, 272, 100, 'g', 0, NULL, NULL),
(651, 81, 35, 400, 'g', 0, NULL, NULL),
(652, 81, 15, 1, 'tl', 1, NULL, NULL),
(653, 80, 4, 7.5, 'dl', 1, NULL, NULL),
(654, 76, 273, 1, 'pala', 8, NULL, NULL),
(655, 79, 274, 125, 'g', 3, NULL, NULL),
(656, 81, 51, 1, 'tl', 2, NULL, NULL),
(657, 76, 46, 1, 'dl', 9, NULL, NULL),
(658, 80, 275, 1000, 'g', 2, NULL, NULL),
(659, 79, 236, 0, '', 5, NULL, NULL),
(660, 81, 276, 1, 'tl', 3, NULL, NULL),
(661, 80, 15, 2, 'tl', 3, NULL, NULL),
(662, 76, 46, 1, 'dl', 11, NULL, NULL),
(663, 79, 17, 0, '', 6, NULL, NULL),
(664, 81, 27, 1, 'tl', 4, NULL, NULL),
(665, 76, 152, 2, 'rkl', 12, NULL, NULL),
(666, 82, 277, 400, 'g', 1, NULL, NULL),
(667, 79, 278, 0, '', 7, NULL, NULL),
(668, 76, 248, 3, 'rkl', 13, NULL, NULL),
(669, 81, 279, 1, 'tl', 5, NULL, NULL),
(670, 82, 159, 125, 'g', 2, NULL, NULL),
(671, 81, 250, 1, 'tl', 6, NULL, NULL),
(672, 79, 280, 0, '', 8, NULL, NULL),
(673, 82, 281, 1, '', 3, NULL, NULL),
(674, 82, 253, 1, 'rkl', 4, NULL, NULL),
(675, 82, 15, 2, 'tl', 5, NULL, NULL),
(676, 82, 51, 2, 'tl', 6, NULL, NULL),
(677, 83, 113, 1, 'dl', 0, NULL, NULL),
(678, 83, 115, 0.5, 'dl', 1, NULL, NULL),
(679, 84, 207, 3, 'dl', 1, NULL, NULL),
(680, 82, 282, 2, 'tl', 7, NULL, NULL),
(681, 83, 33, 1, '', 2, NULL, NULL),
(682, 85, 4, 2, 'dl', 0, NULL, NULL),
(683, 86, 46, 2, 'rkl', 0, NULL, NULL),
(684, 85, 20, 1, 'tl', 1, NULL, NULL),
(685, 82, 63, 2, 'tl', 8, NULL, NULL),
(686, 83, 35, 400, 'g', 3, NULL, NULL),
(687, 84, 283, 2, 'dl', 2, NULL, NULL),
(688, 86, 152, 2, 'rkl', 1, NULL, NULL),
(689, 83, 17, 1, '', 4, NULL, NULL),
(690, 85, 9, 1, 'rkl', 2, NULL, NULL),
(691, 86, 18, 2, 'rkl', 2, NULL, NULL),
(692, 84, 22, 100, 'g', 3, NULL, NULL),
(693, 85, 114, 1, 'rkl', 3, NULL, NULL),
(694, 83, 15, 1, 'tl', 5, NULL, NULL),
(695, 82, 33, 1, '', 10, NULL, NULL),
(696, 84, 15, 0, '', 4, NULL, NULL),
(697, 83, 83, 0.5, 'tl', 6, NULL, NULL),
(698, 85, 6, 300, 'g', 4, NULL, NULL),
(700, 86, 285, 1, '', 3, NULL, NULL),
(701, 82, 286, 6, '', 11, NULL, NULL),
(702, 84, 42, 4, '', 6, NULL, NULL),
(703, 83, 287, 0.5, 'tl', 7, NULL, NULL),
(704, 85, 288, 1, 'tl', 5, NULL, NULL),
(705, 82, 253, 2, 'rkl', 12, NULL, NULL),
(707, 85, 15, 0.25, 'tl', 6, NULL, NULL),
(708, 82, 51, 2, 'tl', 13, NULL, NULL),
(709, 84, 290, 1, '', 7, NULL, NULL),
(711, 82, 292, 2, 'tl', 14, NULL, NULL),
(712, 84, 293, 1, '', 8, NULL, NULL),
(714, 82, 294, 2, 'tl', 15, NULL, NULL),
(715, 84, 295, 0, '', 9, NULL, NULL),
(716, 82, 56, 2, 'tl', 16, NULL, NULL),
(718, 84, 173, 2, '', 10, NULL, NULL),
(719, 82, 63, 2, 'tl', 17, NULL, NULL),
(720, 84, 37, 2, 'tl', 11, NULL, NULL),
(722, 82, 282, 2, 'tl', 18, NULL, NULL),
(723, 84, 34, 2, 'tl', 12, NULL, NULL),
(725, 82, 69, 1, 'rkl', 19, NULL, NULL),
(726, 82, 36, 800, 'g', 20, NULL, NULL),
(728, 82, 4, 3, 'dl', 21, NULL, NULL),
(729, 84, 298, 5, 'dl', 14, NULL, NULL),
(731, 82, 113, 2.5, 'dl', 22, NULL, NULL),
(733, 84, 299, 1, '', 15, NULL, NULL),
(734, 84, 233, 0, '', 16, NULL, NULL),
(736, 8, 67, 230, 'g', 14, NULL, NULL),
(737, 8, 66, 230, 'g', 15, NULL, NULL),
(738, 88, 22, 2, 'rkl', 1, NULL, NULL),
(739, 88, 64, 2, 'rkl', 2, NULL, NULL),
(740, 88, 304, 2, 'kuppia', 3, NULL, NULL),
(741, 88, 305, 50, 'g', 4, NULL, NULL),
(742, 88, 287, 1, 'tl', 5, NULL, NULL),
(743, 88, 15, 0, '', 6, NULL, NULL),
(744, 88, 29, 0, '', 7, NULL, NULL),
(745, 88, 6, 0.25, 'kuppia', 8, NULL, NULL),
(746, 88, 1, 0.75, 'kuppia', 9, NULL, NULL),
(747, 88, 17, 2, '', 11, NULL, NULL),
(748, 88, 1, 2, 'rkl', 12, NULL, NULL),
(749, 88, 306, 1, 'kuppia', 13, NULL, NULL),
(750, 88, 6, 0, '', 14, NULL, NULL),
(751, 88, 24, 0, '', 16, NULL, NULL),
(752, 88, 32, 0, '', 18, NULL, NULL),
(753, 72, 306, 0, '', 6, NULL, NULL),
(754, 72, 17, 0, '', 7, NULL, NULL),
(755, 72, 24, 0, '', 8, NULL, NULL),
(756, 89, 307, 250, 'g', 0, NULL, NULL),
(757, 89, 308, 50, 'g', 1, NULL, NULL),
(758, 89, 309, 2, '', 2, NULL, NULL),
(759, 89, 310, 100, 'g', 3, NULL, NULL),
(760, 89, 121, 0, '', 4, NULL, NULL),
(761, 90, 89, 0, '', 0, NULL, NULL),
(762, 90, 24, 0, '', 1, NULL, NULL),
(763, 90, 15, 0, '', 2, NULL, NULL),
(764, 91, 311, 70, 'g', 0, NULL, NULL),
(765, 91, 9, 100, 'g', 1, NULL, NULL),
(766, 91, 4, 2, 'rkl', 2, NULL, NULL),
(767, 92, 221, 110, 'g', 0, NULL, NULL),
(768, 92, 113, 25, 'g', 1, NULL, NULL),
(769, 92, 312, 1, '', 2, NULL, NULL),
(770, 92, 313, 3, '', 3, NULL, NULL),
(771, 92, 9, 38, 'g', 4, NULL, NULL),
(772, 92, 314, 200, 'g', 5, NULL, NULL),
(773, 93, 123, 400, 'g', 0, NULL, NULL),
(774, 93, 315, 1, 'pakettia', 1, NULL, NULL),
(775, 93, 316, 500, 'g', 2, NULL, NULL),
(776, 94, 123, 250, 'g', 0, NULL, NULL),
(777, 94, 22, 60, 'g', 2, NULL, NULL),
(778, 94, 6, 60, 'g', 3, NULL, NULL),
(779, 94, 1, 7.5, 'dl', 4, NULL, NULL),
(780, 94, 317, 200, 'g', 5, NULL, NULL),
(781, 94, 274, 150, 'g', 6, NULL, NULL),
(782, 94, 318, 2, 'dl', 8, NULL, NULL),
(783, 94, 22, 30, 'g', 9, NULL, NULL);

-- --------------------------------------------------------

--
-- Rakenne taululle `recipes`
--

CREATE TABLE `recipes` (
  `id` int(11) NOT NULL,
  `name` varchar(128) COLLATE utf8_swedish_ci NOT NULL,
  `portions` int(11) NOT NULL,
  `cookingTime` float NOT NULL,
  `category` varchar(128) COLLATE utf8_swedish_ci NOT NULL,
  `created` timestamp NOT NULL DEFAULT current_timestamp(),
  `picture` varchar(64) COLLATE utf8_swedish_ci DEFAULT NULL
) ENGINE=InnoDB DEFAULT CHARSET=utf8 COLLATE=utf8_swedish_ci;

--
-- Vedos taulusta `recipes`
--

INSERT INTO `recipes` (`id`, `name`, `portions`, `cookingTime`, `category`, `created`, `picture`) VALUES
(1, 'Briossisämpylät', 10, 2, 'Leivät', '2020-09-27 21:00:00', ''),
(2, 'Bearnaisekastike', 2, 0.75, 'Kastikkeet', '2020-09-27 21:00:00', ''),
(3, 'Bagelit', 4, 1, 'Leivät', '2020-09-27 21:00:00', ''),
(4, 'Amerikkalaiset pannukakut', 4, 1, 'Muut', '2020-09-27 21:00:00', ''),
(5, 'Age gyoza', 4, 1, 'Pääruuat', '2020-09-27 21:00:00', ''),
(6, 'Beurre blanc', 3, 0.5, 'Kastikkeet', '2020-09-27 21:00:00', ''),
(7, 'Burritokulho', 4, 1, 'Pääruuat', '2020-09-27 21:00:00', ''),
(8, 'Chili con carne', 4, 2, 'Pääruuat', '2020-09-27 21:00:00', ''),
(9, 'Coleslaw', 4, 0.5, 'Lisukkeet', '2020-09-27 21:00:00', ''),
(10, 'Falafel', 0, 0, 'Pääruuat', '2020-09-27 21:00:00', ''),
(11, 'Feta-paprika-tomaatti-salaatti', 4, 0, 'Pikkupurtavaa', '2020-09-27 21:00:00', ''),
(12, 'Flatbread pitsa', 4, 1, 'Pääruuat', '2020-09-27 21:00:00', ''),
(13, 'Glögi', 0, 24, 'Juomat', '2020-09-27 21:00:00', ''),
(14, 'Grillileipä', 4, 3, 'Leivät', '2020-09-27 21:00:00', ''),
(15, 'Jugurttikastike', 4, 0, 'Kastikkeet', '2020-09-27 21:00:00', ''),
(16, 'Kalakeitto', 2, 0, 'Pääruuat', '2020-09-27 21:00:00', ''),
(17, 'Kalanyytit', 4, 0.5, 'Pääruuat', '2020-09-27 21:00:00', ''),
(18, 'Kananmunien keittäminen', 0, 0, 'Perusohjeet', '2020-09-27 21:00:00', ''),
(19, 'Karitsapullat', 4, 1, 'Pikkupurtavaa', '2020-09-27 21:00:00', ''),
(20, 'Kerma-mätikastike', 4, 0.25, 'Kastikkeet', '2020-09-27 21:00:00', ''),
(21, 'Kesäkurpitsamousaka', 2, 0, 'Pääruuat', '2020-09-27 21:00:00', ''),
(22, 'Kevätkääryletaikina', 4, 5, 'Pääruuat', '2020-09-27 21:00:00', ''),
(23, 'Kotijuusto', 1, 1, 'Perusohjeet', '2020-09-27 21:00:00', ''),
(24, 'Kurpitsaranskalaiset', 4, 1.5, 'Lisukkeet', '2020-09-27 21:00:00', ''),
(25, 'Lime-valkosuklaaleivokset', 6, 2, 'Makeat', '2020-09-27 21:00:00', ''),
(26, 'Lohipyörykät', 2, 0.5, 'Pääruuat', '2020-09-27 21:00:00', ''),
(27, 'Lämmin Mifu-kasvissalaatti', 2, 0.5, 'Pääruuat', '2020-09-27 21:00:00', ''),
(28, 'Mac & cheese', 4, 0.5, 'Lisukkeet', '2020-09-27 21:00:00', ''),
(29, 'Majoneesi', 0, 0.25, 'Lisukkeet', '2020-09-27 21:00:00', ''),
(30, 'Mango-ananassangria', 6, 0, 'Juomat', '2020-09-27 21:00:00', ''),
(31, 'Mansikka-sitruunasangria', 6, 0, 'Juomat', '2020-09-27 21:00:00', ''),
(32, 'Marjasangria', 6, 0, 'Juomat', '2020-09-27 21:00:00', ''),
(33, 'Maustettu etikka', 0, 0.25, 'Lisukkeet', '2020-09-27 21:00:00', ''),
(34, 'Naan-leipä', 0, 5, 'Leivät', '2020-09-27 21:00:00', ''),
(35, 'Paprikadippi', 4, 0, 'Pikkupurtavaa', '2020-09-27 21:00:00', ''),
(36, 'Pastataikina', 2, 1, 'Perusohjeet', '2020-09-27 21:00:00', ''),
(37, 'Pekoni-kanapasta', 3, 0.5, 'Pääruuat', '2020-09-27 21:00:00', ''),
(38, 'Perunasalaatti', 6, 1, 'Lisukkeet', '2020-09-27 21:00:00', ''),
(39, 'Pesto-kasvispasta', 4, 0.5, 'Pääruuat', '2020-09-27 21:00:00', ''),
(40, 'Pinaatti-kanapasta', 2, 0.5, 'Pääruuat', '2020-09-27 21:00:00', ''),
(41, 'Pikkelöidyt kasvikset', 0, 0.5, 'Lisukkeet', '2020-09-27 21:00:00', ''),
(42, 'Pinaattignocchit', 6, 1, 'Perusohjeet', '2020-09-27 21:00:00', ''),
(43, 'Pitsataikina', 4, 2, 'Perusohjeet', '2020-09-27 21:00:00', ''),
(44, 'Porkkanakakku', 2, 1.5, 'Makeat', '2020-09-27 21:00:00', ''),
(45, 'Porkkanasämpylät', 20, 1, 'Leivät', '2020-09-27 21:00:00', ''),
(46, 'Pulled chicken', 4, 2, 'Pääruuat', '2020-09-27 21:00:00', ''),
(47, 'Punasipulihilloke', 2, 1, 'Lisukkeet', '2020-09-27 21:00:00', ''),
(48, 'Pulled pork', 4, 8, 'Pääruuat', '2020-09-27 21:00:00', ''),
(49, 'Punaviinikastike', 0, 1, 'Kastikkeet', '2020-09-27 21:00:00', ''),
(50, 'Puolukka-vaniljakierrepullat', 0, 1.5, 'Makeat', '2020-09-27 21:00:00', ''),
(51, 'Puolukkakukko', 2, 0, 'Makeat', '2020-09-27 21:00:00', ''),
(52, 'Päärynätorttu', 2, 1, 'Makeat', '2020-09-27 21:00:00', ''),
(53, 'Raikas coleslaw', 0, 0.5, 'Lisukkeet', '2020-09-27 21:00:00', ''),
(54, 'Ranskalaiset perunat', 0, 0.5, 'Lisukkeet', '2020-09-27 21:00:00', ''),
(55, 'Riisin keittäminen', 2, 0.3, 'Perusohjeet', '2020-09-27 21:00:00', ''),
(56, 'Roux', 0, 0, 'Perusohjeet', '2020-09-27 21:00:00', ''),
(57, 'Risotto', 2, 0.5, 'Lisukkeet', '2020-09-27 21:00:00', ''),
(58, 'Saaristolaislimppu', 4, 5, 'Leivät', '2020-09-27 21:00:00', ''),
(59, 'Sieniraviolitäyte & kastike', 0, 1, 'Pääruuat', '2020-09-27 21:00:00', ''),
(60, 'Suklaan temperointi', 0, 1, 'Perusohjeet', '2020-09-27 21:00:00', ''),
(61, 'Sushiriisi', 3, 1, 'Perusohjeet', '2020-09-27 21:00:00', ''),
(62, 'Tabouleh', 4, 0, 'Pikkupurtavaa', '2020-09-27 21:00:00', ''),
(63, 'Tempura', 2, 0, 'Pääruuat', '2020-09-27 21:00:00', ''),
(64, 'Tomaatti-rosmariinileipä', 2, 1, 'Leivät', '2020-09-27 21:00:00', ''),
(65, 'Timjami-vinegrette', 4, 0, 'Kastikkeet', '2020-09-27 21:00:00', ''),
(66, 'Tsukune', 2, 0.5, 'Pääruuat', '2020-09-27 21:00:00', '5ed1fa769807c.jpg'),
(67, 'Tulinen tomaattisalaatti (ezme)', 4, 0, 'Pikkupurtavaa', '2020-09-27 21:00:00', ''),
(68, 'Vaahtokarkit', 0, 1, 'Makeat', '2020-09-27 21:00:00', ''),
(69, 'Donburikulho', 2, 1, 'Pääruuat', '2020-09-27 21:00:00', ''),
(70, 'Rupikonna', 10, 1, 'Makeat', '2020-09-27 21:00:00', ''),
(71, 'Raparperipiirakka', 10, 1, 'Makeat', '2020-09-27 21:00:00', ''),
(72, 'Arranchini', 4, 2, 'Lisukkeet', '2020-09-27 21:00:00', ''),
(73, 'Ragu', 4, 3, 'Pääruuat', '2020-09-27 21:00:00', ''),
(74, 'Omenaglögi', 5, 0.25, 'Juomat', '2020-09-27 21:00:00', ''),
(75, 'Korealainen pulled pork', 4, 2.5, 'Pääruuat', '2020-09-27 21:00:00', ''),
(76, 'Kanaramen', 4, 3, 'Pääruuat', '2020-09-27 21:00:00', ''),
(77, 'Ajitsuke kananmuna', 2, 3, 'Lisukkeet', '2020-09-27 21:00:00', ''),
(78, 'Hapanleipä', 1, 8, 'Leivät', '2020-09-27 21:00:00', ''),
(79, 'Arancini', 4, 1, 'Muut', '2020-09-27 21:00:00', ''),
(80, 'Ruisleipä', 4, 24, 'Leivät', '2020-09-27 21:00:00', ''),
(81, 'Tuliset kebakot', 2, 0.5, 'Pääruuat', '2020-09-27 21:00:00', ''),
(82, 'Tikka masala', 4, 2, 'Pääruuat', '2020-09-27 21:00:00', ''),
(83, 'Lihapullat', 0, 1, 'Pääruuat', '2020-09-27 21:00:00', ''),
(84, 'Kasvispiirakka', 6, 1, 'Pääruuat', '2020-09-27 21:00:00', ''),
(85, 'Gua bao', 8, 1, 'Leivät', '2020-09-27 21:00:00', ''),
(86, 'Maustettu kaali', 2, 0.25, 'Pikkupurtavaa', '2020-09-27 21:00:00', '5ed1fa352bc8c.jpg'),
(88, 'Kanakroketit', 16, 1, 'Pikkupurtavaa', '2021-03-19 07:01:26', ''),
(89, 'Pasta carbonara', 2, 0, 'Pääruuat', '2021-07-31 15:04:40', ''),
(90, 'Uuniranskalaiset', 0, 1, 'Lisukkeet', '2021-08-19 12:08:31', ''),
(91, 'Suklaahiekka', 4, 0.25, 'Makeat', '2021-08-28 16:13:17', ''),
(92, 'Paahdettu valkosuklaa -mousse', 4, 2, 'Makeat', '2021-08-28 16:31:05', ''),
(93, 'Arkinen mac and cheese', 8, 1, 'Lisukkeet', '2021-08-28 16:36:27', ''),
(94, 'Mac and cheese', 6, 1, 'Lisukkeet', '2021-08-28 16:57:13', '');

-- --------------------------------------------------------

--
-- Rakenne taululle `reseptit_simple`
--

CREATE TABLE `reseptit_simple` (
  `nimi` text CHARACTER SET latin1 NOT NULL,
  `json_data` text CHARACTER SET latin1 NOT NULL,
  `kuva` text CHARACTER SET latin1 NOT NULL
) ENGINE=InnoDB DEFAULT CHARSET=utf8 COLLATE=utf8_swedish_ci;

--
-- Vedos taulusta `reseptit_simple`
--

INSERT INTO `reseptit_simple` (`nimi`, `json_data`, `kuva`) VALUES
('Age gyoza', '{\"ingredients\":[{\"subtitle\":\" Täyte\"},{\"name\":\"porsaan jauhelihaa\",\"quantity\":400,\"unit\":\"g\"},{\"name\":\"valkokaalia\",\"quantity\":100,\"unit\":\"g\"},{\"name\":\"kevätsipulia\",\"quantity\":50,\"unit\":\"g\"},{\"name\":\"riisiviinietikkaa\",\"quantity\":1.5,\"unit\":\"tl\"},{\"name\":\"valkosipulinkynsi\",\"quantity\":1,\"unit\":\"\"},{\"name\":\"inkivääriä\",\"quantity\":1.5,\"unit\":\"tl\"},{\"name\":\"pippuria\",\"quantity\":0,\"unit\":\"\"},{\"name\":\"tuoretta korianteria\",\"quantity\":0.5,\"unit\":\"dl\"},{\"subtitle\":\" Taikina\"},{\"name\":\"vettä\",\"quantity\":3,\"unit\":\"dl\"},{\"name\":\"vehnäjauhoa\",\"quantity\":7,\"unit\":\"dl\"},{\"name\":\"suolaa\",\"quantity\":1,\"unit\":\"tl\"},{\"name\":\"maissitärkkelystä\",\"quantity\":3,\"unit\":\"rkl\"},{\"subtitle\":\" Kastike\"},{\"name\":\"soijaa\",\"quantity\":1,\"unit\":\"dl\"},{\"name\":\"riisiviinietikkaa\",\"quantity\":0.5,\"unit\":\"dl\"},{\"name\":\"sokeria\",\"quantity\":1,\"unit\":\"tl\"},{\"name\":\"suolaa\",\"quantity\":1.5,\"unit\":\"tl\"}],\"name\":\"Age gyoza\",\"category\":\"Pääruuat\",\"portions\":4,\"cookingTime\":1,\"description\":\"\",\"instructions\":[\"Valmista taikina yleiskoneessa vaivaten ja anna vetäytyä vähintään 15 minuuttia\",\"Hienonna kevätsipuli, kaali ja korianteri, murskaa valkosipuli ja raasta inkivääri ja sekoita kaikki täytteen aineet keskenään\",\"Rullaa taikina pastakoneella paksuuteen 5 ja leikkaa siitä pyöreitä paloja\",\"Täytä taikinakuoret ja sulje tiiviisti\",\"Kuumenna pannulla tilkka öljyä ja nostele nyytit pannulle\",\"Kun öljy on imeytynyt nyytteihin, lisää pannulle noin 1 dl vettä ja sulje kansi\",\"Kun vesi on haihtunut, anna nyyttien paistua vielä hetki\",\"Sekoita kastikkeen aineet keskenään ja tarjoa dippinä\"]}', ''),
('Amerikkalaiset pannukakut', '{\"ingredients\":[{\"name\":\"vehnäjauhoa\",\"quantity\":1.5,\"unit\":\"kuppia\"},{\"name\":\"leivinjauhetta\",\"quantity\":3.5,\"unit\":\"tl\"},{\"name\":\"suolaa\",\"quantity\":1,\"unit\":\"tl\"},{\"name\":\"sokeria\",\"quantity\":1,\"unit\":\"rkl\"},{\"name\":\"maitoa\",\"quantity\":1.25,\"unit\":\"kuppia\"},{\"name\":\"kananmunaa\",\"quantity\":1,\"unit\":\"\"},{\"name\":\"öljyä\",\"quantity\":3,\"unit\":\"rkl\"}],\"name\":\"Amerikkalaiset pannukakut\",\"category\":\"Muut\",\"portions\":4,\"cookingTime\":1,\"description\":\"\",\"instructions\":[\"Siivilöi jauhot ja sekoita kaikki aineet keskenään.\"]}', ''),
('Bagelit', '{\"ingredients\":[{\"quantity\":7,\"unit\":\"dl\",\"name\":\"vettä\"},{\"quantity\":3,\"unit\":\"rkl\",\"name\":\"sokeria\"},{\"quantity\":2,\"unit\":\"tl\",\"name\":\"suolaa\"},{\"quantity\":1,\"unit\":\"pss\",\"name\":\"kuivahiivaa\"},{\"quantity\":14,\"unit\":\"dl\",\"name\":\"vehnäjauhoa\"}],\"name\":\"Bagelit\",\"category\":\"Leivät\",\"portions\":4,\"cookingTime\":1,\"description\":\"\",\"instructions\":[\"Sekoita hiiva, sokeri, suola, vesi ja muutama desi jauhoja.\",\"Lisää jauhoja vaivaten, kunnes taikina irtoaa käsistä ja kulhon reunoista.\",\"Kohota 30 minuuttia.\",\"Jaa 20 osaan, pyöritä pulliksi ja anna kohota 15 minuuttia.\",\"Paina reikä keskelle peukaloilla ja keitä minuutti kummaltakin puolelta siirappivedessä (3 litraa vettä, 2 rkl siirappia).\",\"Nostele reikäkauhalla pellille ja paista 225 asteisessa uunissa noin 15 minuuttia.\"]}', ''),
('Bearnaisekastike', '{\"ingredients\":[{\"subtitle\":\"Mausteliemi\"},{\"quantity\":3,\"unit\":\"\",\"name\":\"salottisipulia\"},{\"quantity\":0.5,\"unit\":\"dl\",\"name\":\"valkoviinietikkaa\"},{\"quantity\":2.5,\"unit\":\"dl\",\"name\":\"valkoviiniä\"},{\"quantity\":5,\"unit\":\"\",\"name\":\"valkopippuria\"},{\"quantity\":1,\"unit\":\"dl\",\"name\":\"tuoretta persiljaa\"},{\"subtitle\":\"Kastike\"},{\"quantity\":6,\"unit\":\"rkl\",\"name\":\"maustelientä\"},{\"quantity\":5,\"unit\":\"\",\"name\":\"munankeltuaista\"},{\"quantity\":250,\"unit\":\"g\",\"name\":\"voita\"},{\"quantity\":1,\"unit\":\"\",\"name\":\"sitruunaa\"},{\"quantity\":0.5,\"unit\":\"rkl\",\"name\":\"rakuunaa\"},{\"quantity\":0.5,\"unit\":\"rkl\",\"name\":\"kirveliä\"}],\"name\":\"Bearnaisekastike\",\"category\":\"Kastikkeet\",\"portions\":2,\"cookingTime\":0.75,\"description\":\"\",\"instructions\":[\"Tee mausteliemi yhdistämällä ainekset ja keittämällä nesteen määrä puoleen.\",\"Sekoita keltuaiset ja mausteliemi vesihauteessa.\",\"Kun seos alkaa saostua, ota kulho pois hauteesta ja lisää sulatettu voi joukkoon ohuena nauhana koko ajan sekoittaen.\",\"Mausta rakuunalla ja kirvelillä\"]}', ''),
('Beurre blanc', '{\"name\": \"Beurre blanc\",\"category\": \"Kastikkeet\",\"portions\": 3,\"cookingTime\": 0.5,\"ingredients\": [{\"quantity\": 4,\"unit\": \"\",\"name\": \"salottisipulia\"},{\"quantity\": 0.5,\"unit\": \"dl\",\"name\": \"valkoviinietikkaa\"},{\"quantity\": 2,\"unit\": \"dl\",\"name\": \"valkoviiniä\"},{\"quantity\": 1,\"unit\": \"dl\",\"name\": \"vettä\"},{\"quantity\": 0.5,\"unit\": \"dl\",\"name\": \"kuohukermaa\"},{\"quantity\": 200,\"unit\": \"g\",\"name\": \"voita\"},{\"quantity\": 0,\"unit\": \"\",\"name\": \"valkopippuria\"},{\"quantity\": 0,\"unit\": \"\",\"name\": \"cayenepippuria\"},{\"quantity\": 1,\"unit\": \"rkl\",\"name\": \"sitruunamehua\"}],\"instructions\": [\"Kuori ja hienonna sipulit.\",\"Kuumenna kattilassa etikka.\",\"Lisää kiehuvaan etikkaan sipulit valkoviini ja vesi. Keitä niin, että vain 3 rkl on nesteestä jäljellä. Siivilöi mausteliemi ja kaada se takaisin kattilaan.\",\"Lisää mausteliemeen kerma. Vatkaa joukkoon kylmä voi pieninä kuutioina. Kiehauta, mutta älä keitä.\",\"Mausta valmis kastike.\"],\"description\": \"\"}\r\n', ''),
('Briossisämpylät', '{\"description\": \"\",\"name\": \"Briossisämpylät\",\"category\": \"Leivät\",\"cookingTime\": 2,\"portions\": 10,\"ingredients\": [{\"name\": \"maitoa\",\"quantity\": 1,\"unit\": \"dl\"},{\"name\": \"hiivaa\",\"quantity\": 25,\"unit\": \"g\"},{\"name\": \"sokeria\",\"quantity\": 1.5,\"unit\": \"rkl\"},{\"name\": \"suolaa\",\"quantity\": 0.5,\"unit\": \"tl\"},{\"name\": \"kananmunaa\",\"quantity\": 2,\"unit\": \"\"},{\"name\": \"vehnäjauhoa\",\"quantity\": 5,\"unit\": \"dl\"},{\"name\": \"voita\",\"quantity\": 100,\"unit\": \"g\"}],\"instructions\": [\"Liuota hiiva kädenlämpöiseen maitoon\",\"Lisää joukkoon sokeri, suola ja kananmunat\",\"Sekoita joukkoon jauhot\",\"Vaivaa huoneenlämpöinen voi joukkoon pieninä nokareina\",\"Vaivaa taikinaa noin 10 minuuttia\",\"Anna kohota kylmässä peitettynä vähintään 1 tunti, mielellään yön yli\",\"Muotoile sämpylöiksi ja anna kohota noin tunti\",\"Paista 200 asteessa noin 10 minuuttia\"]}', ''),
('Burritokulho', '{\"ingredients\":[{\"subtitle\":\"Riisi\"},{\"quantity\":1,\"unit\":\"\",\"name\":\"sipulia\"},{\"quantity\":1,\"unit\":\"tlk\",\"name\":\"tomaattimurskaa\"},{\"quantity\":4,\"unit\":\"dl\",\"name\":\"kanalientä\"},{\"quantity\":3,\"unit\":\"dl\",\"name\":\"riisiä\"},{\"quantity\":2,\"unit\":\"rkl\",\"name\":\"öljyä\"},{\"quantity\":0.5,\"unit\":\"\",\"name\":\"limeä\"},{\"quantity\":0.5,\"unit\":\"ruukkua\",\"name\":\"korianteria\"},{\"subtitle\":\"Salsa\"},{\"quantity\":3,\"unit\":\"\",\"name\":\"tomaattia\"},{\"quantity\":1,\"unit\":\"\",\"name\":\"punasipulia\"},{\"quantity\":1,\"unit\":\"ruukku\",\"name\":\"korianteria\"},{\"quantity\":0.5,\"unit\":\"\",\"name\":\"limeä\"},{\"quantity\":0,\"unit\":\"\",\"name\":\"suolaa\"},{\"subtitle\":\"Tacomaustettu jauheliha\"},{\"quantity\":400,\"unit\":\"g\",\"name\":\"jauhelihaa\"},{\"quantity\":1,\"unit\":\"tl\",\"name\":\"suolaa\"},{\"quantity\":1,\"unit\":\"tl\",\"name\":\"korianteria\"},{\"quantity\":1,\"unit\":\"tl\",\"name\":\"juustokuminaa\"},{\"quantity\":2,\"unit\":\"tl\",\"name\":\"paprikajauhetta\"},{\"quantity\":1,\"unit\":\"tl\",\"name\":\"valkosipulijauhetta\"},{\"quantity\":0.5,\"unit\":\"tl\",\"name\":\"cayennenpippuria\"},{\"quantity\":2,\"unit\":\"tl\",\"name\":\"oreganoa\"},{\"quantity\":2,\"unit\":\"tl\",\"name\":\"chipotletahnaa\"},{\"subtitle\":\"Lisäksi\"},{\"quantity\":250,\"yskikko\":\"g\",\"name\":\"mustapapuja\"},{\"quantity\":1,\"yskikko\":\"\",\"name\":\"avocadoa\"},{\"quantity\":0,\"yskikko\":\"\",\"name\":\"kermaviiliä\"},{\"quantity\":0,\"yskikko\":\"\",\"name\":\"tortillasipsejä\"}],\"name\":\"Burritokulho\",\"category\":\"Pääruuat\",\"portions\":4,\"cookingTime\":1,\"description\":\"\",\"instructions\":[\"Valmista riisi sekoittamalla sipuli, tomaattimurska ja kanaliemi tehosekoittimella sileäksi\",\"Kuullota riisit kattilassa, lisää mausteliemi ja keitä kypsäksi välillä sekoittaen. Lisää korianteri ja limen mehu valmiiseen riisiin\",\"Ruskista ja mausta jauheliha\",\"Valmista tomaattisalsa sekoittamalla pilkotut aineet keskenään. Mausta suolalla ja limemehulla\",\"Huuhtele ja kuumenna pavut\",\"Kuutioi avocado ja kokoa kulhot\"]}', ''),
('Chili con carne', '{\"ingredients\":[{\"quantity\":400,\"unit\":\"g\",\"name\":\"jauhelihaa\"},{\"quantity\":2,\"unit\":\"\",\"name\":\"sipulia\"},{\"quantity\":1,\"unit\":\"\",\"name\":\"vihreää paprikaa\"},{\"quantity\":1,\"unit\":\"rkl\",\"name\":\"jalapeñoa\"},{\"quantity\":400,\"unit\":\"g\",\"name\":\"tomaattimurskaa\"},{\"quantity\":400,\"unit\":\"g\",\"name\":\"tomaattikastiketta\"},{\"quantity\":2,\"unit\":\"rkl\",\"name\":\"juustokuminaa\"},{\"quantity\":2,\"unit\":\"rkl\",\"name\":\"chilijauhetta\"},{\"quantity\":1,\"unit\":\"tl\",\"name\":\"suolaa\"},{\"quantity\":0.5,\"unit\":\"tl\",\"name\":\"cayennenpippuria\"},{\"quantity\":0.5,\"unit\":\"tl\",\"name\":\"paprikajauhetta\"},{\"quantity\":400,\"unit\":\"g\",\"name\":\"kidneypapuja\"},{\"quantity\":400,\"unit\":\"g\",\"name\":\"mustia papuja\"},{\"quantity\":2,\"unit\":\"dl\",\"name\":\"vettä\"}],\"name\":\"Chili con carne\",\"category\":\"Pääruuat\",\"portions\":4,\"cookingTime\":2,\"description\":\"\",\"instructions\":[\"Kuullota sipuli padassa\",\"Lisää jauheliha sekä paprika ja kypsennä\",\"Lisää tomaatit, vesi ja mausteet\",\"Lisää pavut\",\"Hauduta 1-2 tuntia\"]}', ''),
('Coleslaw', '{\"ingredients\":[{\"name\":\"kaalia\",\"quantity\":7.5,\"unit\":\"dl\"},{\"name\":\"porkkanaa\",\"quantity\":1,\"unit\":\"\"},{\"name\":\"sokeria\",\"quantity\":0.5,\"unit\":\"rkl\"},{\"name\":\"valkoviinietikkaa\",\"quantity\":1,\"unit\":\"rkl\"},{\"name\":\"majoneesia\",\"quantity\":1,\"unit\":\"dl\"},{\"name\":\"suolaa\",\"quantity\":0.5,\"unit\":\"tl\"},{\"name\":\"pippuria\",\"quantity\":0.25,\"unit\":\"tl\"},{\"name\":\"kermaviiliä\",\"quantity\":1,\"unit\":\"dl\"}],\"name\":\"Coleslaw\",\"category\":\"Lisukkeet\",\"portions\":4,\"cookingTime\":0.5,\"description\":\"\",\"instructions\":[]}', ''),
('Falafel', '{\"ingredients\":[{\"name\":\"kikherneitä\",\"quantity\":460,\"unit\":\"g\"},{\"name\":\"sipulia\",\"quantity\":0.5,\"unit\":\"\"},{\"name\":\"tuoretta persiljaa\",\"quantity\":2,\"unit\":\"rkl\"},{\"name\":\"tuoretta korianteria\",\"quantity\":2,\"unit\":\"rkl\"},{\"name\":\"suolaa\",\"quantity\":1,\"unit\":\"tl\"},{\"name\":\"chiliä\",\"quantity\":2,\"unit\":\"tl\"},{\"name\":\"valkosipulinkynttä\",\"quantity\":2,\"unit\":\"\"},{\"name\":\"juustokuminaa\",\"quantity\":2,\"unit\":\"tl\"},{\"name\":\"leivinjauhetta\",\"quantity\":1.5,\"unit\":\"tl\"},{\"name\":\"vehnäjauhoa\",\"quantity\":1.5,\"unit\":\"dl\"}],\"name\":\"Falafel\",\"category\":\"Pääruuat\",\"portions\":0,\"cookingTime\":0,\"description\":\"\",\"instructions\":[\"Sekoita kikherneet, sipuli ja mausteet sauvasekoittimella tasaiseksi tahnaksi\",\"Lisää leivinjauhe ja jauhoja kunnes taikina ei tartu käsiin\",\"Anna olla jääkaapissa peitettynä tunti\",\"Tee palloja ja paista pari minuuttia kummaltakin puolelta\"]}', ''),
('Feta-paprika-tomaatti-salaatti', '{\"ingredients\":[{\"name\":\"fetaa\",\"quantity\":250,\"unit\":\"g\"},{\"name\":\"kirsikkatomaatteja \",\"quantity\":150,\"unit\":\"g\"},{\"name\":\"paprikaa\",\"quantity\":1,\"unit\":\"kpl\"},{\"name\":\"persiljaa \",\"quantity\":1,\"unit\":\"nippu \"},{\"name\":\"sitruunamehua \",\"quantity\":1,\"unit\":\"rkl\"},{\"name\":\"oliiviöljyä\",\"quantity\":1,\"unit\":\"loraus\"},{\"name\":\"pippuria\",\"quantity\":1,\"unit\":\"ripaus\"}],\"name\":\"Feta-paprika-tomaatti-salaatti\",\"category\":\"Pikkupurtavaa\",\"portions\":4,\"cookingTime\":0,\"description\":\"\",\"instructions\":[\"Pilko feta, tomaatit, paprika ja persilja. \",\"Sekoita kaikki ainekset keskenään. \",\"Oman maun mukaan voit lisätä salaattiin myös tuoretta minttua. \"]}', ''),
('Flatbread pitsa', '{\"ingredients\":[{\"name\":\"naanleipää\",\"quantity\":\"4\",\"unit\":\"\"},{\"name\":\"jauhelihaa\",\"quantity\":500,\"unit\":\"g\"},{\"name\":\"öljyä\",\"quantity\":1,\"unit\":\"rkl\"},{\"name\":\"valkosipulinkynttä\",\"quantity\":2,\"unit\":\"\"},{\"name\":\"tomaattipyrettä\",\"quantity\":4,\"unit\":\"rkl\"},{\"name\":\"juustokuminaa\",\"quantity\":4,\"unit\":\"tl\"},{\"name\":\"paprikajauhetta\",\"quantity\":3,\"unit\":\"tl\"},{\"name\":\"pippuria\",\"quantity\":2,\"unit\":\"tl\"},{\"name\":\"suolaa\",\"quantity\":1,\"unit\":\"tl\"},{\"name\":\"vettä\",\"quantity\":2,\"unit\":\"rkl\"},{\"name\":\"paprikaa\",\"quantity\":1,\"unit\":\"\"},{\"name\":\"munakoisoa\",\"quantity\":1,\"unit\":\"\"},{\"name\":\"turkkilaista jogurttia\",\"quantity\":0,\"unit\":\"\"},{\"name\":\"lehtipersiljaa tai korianteria\",\"quantity\":0,\"unit\":\"\"},{\"name\":\"\",\"quantity\":0,\"unit\":\"\"}],\"name\":\"Flatbread pitsa\",\"category\":\"Pääruuat\",\"portions\":4,\"cookingTime\":1,\"description\":\"\",\"instructions\":[\"Ruskista jauheliha tilkassa öljyä. Kuori ja hienonna valkosipulinkynsi. Lisää jauhelihan joukkoon valkosipuli, tomaattisose, mausteet ja vesi. Anna hautua vielä muutaman minuutin ajan.\",\"Viipaloi munakoiso ja paprika ohuiksi viipaleiksi. Paista munakoisoja ja paprikoita öljyssä kuumalla pannulla muutaman minuutin ajan kunnes ne pehmenevät. Mausta suolalla.\",\"Lisää valmiiden flatbreadien pinnalle turkkilaista jogurttia, jauhelihatäytettä, munakoiso- ja paprikaviipaleita ja yrttejä.\"]}', ''),
('Glögi', '{\"ingredients\":[{\"quantity\":1,\"unit\":\"dl\",\"name\":\"vodkaa\"},{\"quantity\":1,\"unit\":\"\",\"name\":\"kanelitankoa\"},{\"quantity\":20,\"unit\":\"\",\"name\":\"neilikkaa\"},{\"quantity\":1,\"unit\":\"pala\",\"name\":\"inkivääriä\"},{\"quantity\":0.75,\"unit\":\"tl\",\"name\":\"kardemummaa\"},{\"quantity\":2,\"unit\":\"palaa\",\"name\":\"kuivattua appelsiininkuorta\"}],\"name\":\"Glögi\",\"category\":\"Juomat\",\"portions\":0,\"cookingTime\":24,\"description\":\"\",\"instructions\":[\"Anna maustua 24 tuntia\",\"Suodata mausteet pois\",\"Kuumenna pullollinen punaviiniä ja noin 2 dl sokeria\",\"Lisää mausteseos\"]}', ''),
('Grillileipä', '{\"ingredients\":[{\"name\":\"kuivahiivaa\",\"quantity\":1,\"unit\":\"rkl\"},{\"name\":\"vehnäjauhoa\",\"quantity\":350,\"unit\":\"g\"},{\"name\":\"vettä\",\"quantity\":1,\"unit\":\"dl\"},{\"name\":\"olutta\",\"quantity\":1.4,\"unit\":\"dl\"},{\"name\":\"öljyä\",\"quantity\":2,\"unit\":\"rkl\"},{\"name\":\"maissijauhoa\",\"quantity\":4,\"unit\":\"rkl\"},{\"name\":\"suolaa\",\"quantity\":1,\"unit\":\"tl\"}],\"name\":\"Grillileipä\",\"category\":\"Leivät\",\"portions\":4,\"cookingTime\":3,\"description\":\"\",\"instructions\":[\"Sekoita hiiva, pieni osa jauhoja ja vesi ja anna kohota noin 30 minuuttia.\",\"Sekoita mukaan loput ainesosat ja vaivaa tasaiseksi.\",\"Anna kohota 1,5 tuntia öljytyssä kulhossa\",\"Jaa taikina palloiksi ja anna kohota noin puoli tuntia peitettynä.\",\"Litistä pallot rieskoiksi ja grillaa.\"]}', ''),
('Jugurttikastike', '{\"ingredients\":[{\"name\":\"turkkilaista jogurttia\",\"quantity\":500,\"unit\":\"g\"},{\"name\":\"minttua\",\"quantity\":1,\"unit\":\"nippu \"},{\"name\":\"persiljaa\",\"quantity\":0.3,\"unit\":\" nippua\"},{\"name\":\"sitruunamehua \",\"quantity\":2,\"unit\":\"rkl\"},{\"name\":\"oliiviöljyä \",\"quantity\":1,\"unit\":\"loraus\"},{\"name\":\"\",\"quantity\":0,\"unit\":\"\"}],\"name\":\"Jugurttikastike\",\"category\":\"Kastikkeet\",\"portions\":4,\"cookingTime\":0,\"description\":\"\",\"instructions\":[\"Pilko yrtit. \",\"Sekoita ainekset keskenään. \",\"Mausta suolalla ja pippurilla. \"]}', ''),
('Kalakeitto', '{\"ingredients\":[{\"name\":\"kalalientä\",\"quantity\":8,\"unit\":\"dl\"},{\"name\":\"maustepippuria\",\"quantity\":8,\"unit\":\"\"},{\"name\":\"laakerinlehteä\",\"quantity\":2,\"unit\":\"\"},{\"name\":\"sipulia\",\"quantity\":150,\"unit\":\"g\"},{\"name\":\"perunaa\",\"quantity\":750,\"unit\":\"g\"},{\"name\":\"porkkanaa\",\"quantity\":2,\"unit\":\"\"},{\"name\":\"kalaa\",\"quantity\":600,\"unit\":\"g\"},{\"name\":\"suolaa\",\"quantity\":1,\"unit\":\"tl\"},{\"name\":\"ruokakermaa\",\"quantity\":2,\"unit\":\"dl\"},{\"name\":\"tilliä\",\"quantity\":1,\"unit\":\"dl\"}],\"name\":\"Kalakeitto\",\"category\":\"Pääruuat\",\"portions\":2,\"cookingTime\":0,\"description\":\"\",\"instructions\":[\"Kuumenna kalaliemi, lisää mausteet ja sipuli ja keitä noin 5 minuuttia\",\"Lisää perunat ja jatka keittämistä 10 - 15 minuuttia, kunnes perunat ovat kypsiä\",\"Lisää kala ja anna kiehua hiljaa 2 - 3 minuuttia\",\"Lisää kerma ja hienonnettu tilli\"]}', ''),
('Kalanyytit', '{\"ingredients\":[{\"name\":\"perunoita\",\"quantity\":500,\"unit\":\"g\"},{\"name\":\"vaaleaa kalaa\",\"quantity\":400,\"unit\":\"g\"},{\"name\":\"kevätsipulia\",\"quantity\":3,\"unit\":\"\"},{\"name\":\"kukkakaalia\",\"quantity\":200,\"unit\":\"g\"},{\"name\":\"sitruunaa\",\"quantity\":2,\"unit\":\"\"},{\"name\":\"suolaa\",\"quantity\":0,\"unit\":\"\"},{\"name\":\"pippuria\",\"quantity\":0,\"unit\":\"\"},{\"name\":\"oliiviöljyä\",\"quantity\":0,\"unit\":\"\"},{\"name\":\"tilliä\",\"quantity\":0,\"unit\":\"\"}],\"name\":\"Kalanyytit\",\"category\":\"Pääruuat\",\"portions\":4,\"cookingTime\":0.5,\"description\":\"\",\"instructions\":[\"Paloittele perunat ja kalafileet, hienonna kevätsipuli ja viipaloi sitruuna.\",\"Lado leivinpaperin tai folion päälle perunoita, kalapaloja ja retiisejä sekä hienonnettua kevätsipulia.\",\"Asettele sitruunaviipaleet päälimmäiseksi ja ripottele mausteet ja oliiviöljy.\",\"Sulje nyytit ja kypsennä uunissa noin 20 minuuttia.\"]}', ''),
('Kananmunien keittäminen', '{\"name\": \"Kananmunien keittäminen\",\"category\": \"Perusohjeet\",\"cookingTime\": 0,\"portions\": 0,\"ingredients\": [{\"subtitle\": \"Kiehuvaan veteen\"},{\"name\": \"löysä\",\"quantity\": 5,\"unit\": \"min\"},{\"name\": \"pehmeä\",\"quantity\": 7,\"unit\": \"min\"},{\"name\": \"Kivenkova\",\"quantity\": 25,\"unit\": \"min\"},{\"subtitle\": \" \"},{\"name\": \"\",\"quantity\": 0,\"unit\": \"\"},{\"name\": \"\",\"quantity\": 0,\"unit\": \"\"},{\"name\": \"\",\"quantity\": 0,\"unit\": \"\"}],\"instructions\": []}', ''),
('Karitsapullat', '{\"ingredients\":[{\"name\":\"karitsan jauhelihaa \",\"quantity\":400,\"unit\":\"g\"},{\"name\":\"minttua\",\"quantity\":1,\"unit\":\"nippu\"},{\"name\":\"persiljaa\",\"quantity\":0.5,\"unit\":\"nippua\"},{\"name\":\"valkosipulin kynttä\",\"quantity\":2,\"unit\":\"kpl\"},{\"name\":\"suolaa\",\"quantity\":1,\"unit\":\"tl\"},{\"name\":\"pippuria\",\"quantity\":1,\"unit\":\"ripaus \"}],\"name\":\"Karitsapullat\",\"category\":\"Pikkupurtavaa\",\"portions\":4,\"cookingTime\":1,\"description\":\"\",\"instructions\":[\"Sekoita jauheliha, pilkotut yrtit, murskattu valkosipuli, suola ja pippuri taikinaksi. \",\"Pyörittele taikina pieniksi pulliksi. \",\"Paista pullia 200 asteisessa uunissa kunnes pullat ovat kypsiä (n. 10 minuuttia) \"]}', ''),
('Kerma-mätikastike', '{\"name\": \"Kerma-mätikastike\",\"category\": \"Kastikkeet\",\"cookingTime\": 0.25,\"portions\": 4,\"ingredients\": [{\"name\": \"ruokakermaa\",\"quantity\": 2,\"unit\": \"dl\"},{\"name\": \"kalaliemi-fondia\",\"quantity\": 1,\"unit\": \"tl\"},{\"name\": \"mätiä\",\"quantity\": 1,\"unit\": \"rkl\"},{\"name\": \"pippuria\",\"quantity\": 0,\"unit\": \"\"},{\"name\": \"sitruunamehua\",\"quantity\": 0,\"unit\": \"\"}],\"instructions\": [\"Kiehauta maustettu kerma.\",\"Vaahdota kermaa hieman.\",\"Lisää mäti ja sekoita.\"]}', ''),
('Kesäkurpitsamousaka', '{\"ingredients\":[{\"subtitle\":\"Jauhelihakastike\"},{\"quantity\":1,\"unit\":\"\",\"name\":\"sipulia\"},{\"quantity\":4,\"unit\":\"\",\"name\":\"valkosipulinkynttä\"},{\"quantity\":0.5,\"unit\":\"dl\",\"name\":\"oliiviöljyä\"},{\"quantity\":400,\"unit\":\"g\",\"name\":\"jauhelihaa\"},{\"quantity\":3,\"unit\":\"rkl\",\"name\":\"tomaattipyreetä\"},{\"quantity\":2,\"unit\":\"rkl\",\"name\":\"sitruunanmehua\"},{\"quantity\":0.5,\"unit\":\"dl\",\"name\":\"persiljaa\"},{\"quantity\":0.5,\"unit\":\"dl\",\"name\":\"timjamia\"},{\"quantity\":1.5,\"unit\":\"tl\",\"name\":\"suolaa\"},{\"subtitle\":\"Juustokastike\"},{\"quantity\":50,\"unit\":\"g\",\"name\":\"voita\"},{\"quantity\":0.5,\"unit\":\"dl\",\"name\":\"vehnäjauhoa\"},{\"quantity\":6,\"unit\":\"dl\",\"name\":\"maitoa\"},{\"quantity\":2,\"unit\":\"dl\",\"name\":\"juustoraastetta\"},{\"quantity\":2,\"unit\":\"tl\",\"name\":\"sitruunan kuorta\"},{\"quantity\":0.5,\"unit\":\"tl\",\"name\":\"suolaa\"},{\"subtitle\":\"Lisäksi\"},{\"quantity\":4,\"unit\":\"\",\"name\":\"jauhoista perunaa viipaloituna\"},{\"quantity\":400,\"unit\":\"g\",\"name\":\"kesäkurpitsaa viipaloituna\"}],\"name\":\"Kesäkurpitsamousaka\",\"category\":\"Pääruuat\",\"portions\":2,\"cookingTime\":0,\"description\":\"\",\"instructions\":[\"Valmista jauhelihakastike ja hauduta 10 min\",\"Valmista juustokastike:\",\"valmista vaalea roux\",\"lisää maito voimakkaasti sekoittaen\",\"sulata juusto sekaan\",\"Lado uunivuokaan kerroksittain siten, että viimeiseksi jää juustokastike\",\"Kypsennä 200-asteisessa uunissa 1 tunti\"]}', ''),
('Kevätkääryletaikina', '{\"ingredients\":[{\"name\":\"kananmunaa\",\"quantity\":2,\"unit\":\"\"},{\"name\":\"vehnäjauhoa\",\"quantity\":250,\"unit\":\"g\"},{\"name\":\"vettä\",\"quantity\":0.5,\"unit\":\"dl\"}],\"name\":\"Kevätkääryletaikina\",\"category\":\"Pääruuat\",\"portions\":4,\"cookingTime\":5,\"description\":\"\",\"instructions\":[\"Vaivaa taikina\",\"Anna levätä jääkaapissa ainakin tunti\",\"Rullaa ohueksi\"]}', ''),
('Kotijuusto', '{\"name\": \"Kotijuusto\",\"category\": \"Perusohjeet\",\"portions\": 1,\"cookingTime\": 1,\"ingredients\": [{\"name\": \"maitoa\",\"quantity\": 1,\"unit\": \"l\"},{\"name\": \"suolaa\",\"quantity\": 1,\"unit\": \"tl\"},{\"name\": \"juoksutetta\",\"quantity\": 1,\"unit\": \"tl\"}],\"instructions\": [\"Kuumenna maito 36 asteiseksi ja lisää juoksute\",\"Kuumenna maito 40 asteiseksi. Lämpötila ei saa kohota yli 42 asteen\",\"Anna hyytyä 30 minuttia\",\"Leikkaa viiltoja massaan\",\"Anna vielä erottua 10 minuuttia\",\"Nosta massa juustomuottiin ja anna valua yön yli\"],\"description\": \"\"}', ''),
('Kurpitsaranskalaiset', '{\"description\": \"\",\"name\": \"Kurpitsaranskalaiset\",\"category\": \"Lisukkeet\",\"cookingTime\": 1.5,\"portions\": 4,\"ingredients\": [{\"name\": \"kurpitsatikkuja\",\"quantity\": 1,\"unit\": \"l\"},{\"name\": \"tärkkelystä\",\"quantity\": 2,\"unit\": \"rkl\"},{\"name\": \"rypsiöljyä\",\"quantity\": 0,\"unit\": \"\"},{\"name\": \"suolaa\",\"quantity\": 0,\"unit\": \"\"}],\"instructions\": [\"Leikkaa kurpitsa tikuiksi ja laita tikut likoamaan kylmään veteen tunniksi\",\"Valuta ja kuivaa kurpitsatikut huolellisesti\",\"Laita tikut pienissä erissä muovipussiin pienen tärkkelysmäärän kanssa ja ravista pussia niin, että kurpitsat saavat ohuen tärkkelyskerroksen\",\"Paista öljyssä pari minuuttia\",\"Nosta talouspaperin päälle valumaan ja suolaa\"]}', ''),
('Lime-valkosuklaaleivokset', '{\"description\": \"\",\"name\": \"Lime-valkosuklaaleivokset\",\"category\": \"Makeat\",\"cookingTime\": 2,\"portions\": 6,\"ingredients\": [{\"subtitle\": \"Täyte \"},{\"name\": \"liivatelehteä\",\"quantity\": 4,\"unit\": \"\"},{\"name\": \"kermaa\",\"quantity\": 2,\"unit\": \"dl\"},{\"name\": \"limen mehu\",\"quantity\": 3,\"unit\": \"\"},{\"name\": \"sokeria\",\"quantity\": 1.5,\"unit\": \"dl\"},{\"name\": \"vaniljasokeria\",\"quantity\": 2,\"unit\": \"tl\"},{\"name\": \"vettä\",\"quantity\": 2,\"unit\": \"rkl\"},{\"subtitle\": \" Pohja\"},{\"name\": \"munaa\",\"quantity\": 3,\"unit\": \"\"},{\"name\": \"sokeria\",\"quantity\": 0,\"unit\": \"\"},{\"name\": \"vehnäjauhoa\",\"quantity\": 0,\"unit\": \"\"},{\"name\": \"perunajauhoa\",\"quantity\": 0,\"unit\": \"\"},{\"name\": \"leivinjauhetta\",\"quantity\": 1,\"unit\": \"tl\"},{\"subtitle\": \" Kuorrute\"},{\"name\": \"liivatelehteä\",\"quantity\": 5,\"unit\": \"\"},{\"name\": \"valkoista suklaata\",\"quantity\": 125,\"unit\": \"g\"},{\"name\": \"vettä\",\"quantity\": 1.5,\"unit\": \"dl\"},{\"name\": \"sokeria\",\"quantity\": 1,\"unit\": \"dl\"},{\"name\": \"glukoosisiirappia\",\"quantity\": 0.75,\"unit\": \"dl\"},{\"name\": \"kondensoitua maitoa\",\"quantity\": 0.75,\"unit\": \"dl\"},{\"name\": \"elintarvikeväriä\",\"quantity\": 0,\"unit\": \"\"}],\"instructions\": [\"Vaahdota kerma ja sekoita erillisessä kulhossa tuorejuusto, sokeri, vaniljasokeri ja limemehu\",\"Liuota liivatelehdet pineen määrään kuumaa vettä ja lisää tuorejuustoseokseen\",\"Lisää kermavaahto seokseen ja sekoita varovaisesti tasaiseksi\",\"Anna hyytyä pakastimessa\",\"Valmista pohja:\",\"Riko kananmunat lasiin\",\"Mittaa yhtä paljon sokeria toiseen lasiin\",\"Mittaa lasiin yhtä paljon vehnäjauho-perunajauho seosta (50-50) ja lisää leivinjauhe\",\"Vaahdota kananmunat ja sokeri\",\"Siivilöi ja sekoita jauhot varovaisesti sekaan\",\"Paista 175 asteessa noin 40 minuuttia\",\"Valmista glaze:\",\"Liota liivatteita ja kiehauta kattilassa sokeri, glukoosisiirappi ja vesi\",\"Lisää liivatteet, sekoita ja kaada paloitellun suklaan päälle\",\"Kun suklaa on sulanut, lisää kondensoitu maito ja elintarvikeväri\",\"Sekoita tasaiseksi sauvasekoittimella ja peitä seos kelmulla\",\"Anna jäähtyä noin kädenlämpöiseksi ja kuorruta leivokset\"]}', ''),
('Lohipyörykät', '{\"name\": \"Lohipyörykät\",\"category\": \"Pääruuat\",\"portions\": 2,\"cookingTime\": 0.5,\"ingredients\": [{\"quantity\": 500,\"unit\": \"g\",\"name\": \"lohta\"},{\"quantity\": 0.5,\"unit\": \"dl\",\"name\": \"korppujauhoja\"},{\"quantity\": 1,\"unit\": \"kpl\",\"name\": \"munaa\"},{\"quantity\": 1,\"unit\": \"rkl\",\"name\": \"sitruunamehua\"},{\"quantity\": 0.75,\"unit\": \"tl\",\"name\": \"suolaa\"},{\"quantity\": 0.5,\"unit\": \"tl\",\"name\": \"mustapippuria\"},{\"quantity\": 4,\"unit\": \"rkl\",\"name\": \"tuoretta tilliä\"}],\"instructions\": [\"Jauha kala lihamyllyssä\",\"Lisää loput ingredients ja sekoita tasaiseksi\",\"Tee pyöryköitä ja paista 200 asteisessa uunissa noin 15 minuuttia\"]}', ''),
('Lämmin Mifu-kasvissalaatti', '{\"ingredients\":[{\"quantity\":1,\"unit\":\"pkt\",\"name\":\"MiFUa\"},{\"quantity\":2,\"unit\":\"tl\",\"name\":\"juoksevaa hunajaa\"},{\"quantity\":0.25,\"unit\":\"tl\",\"name\":\"pippuria\"},{\"quantity\":1,\"unit\":\"\",\"name\":\"sitruunaa\"},{\"quantity\":1,\"unit\":\"\",\"name\":\"kesäkurpitsaa\"},{\"quantity\":2,\"unit\":\"\",\"name\":\"avokadoa\"},{\"quantity\":0,\"unit\":\"\",\"name\":\"suolaa\"},{\"quantity\":1,\"unit\":\"dl\",\"name\":\"tuoretta sitruunamelissaa\"},{\"quantity\":2,\"unit\":\"rkl\",\"name\":\"oliiviöljyä\"}],\"name\":\"Lämmin Mifu-kasvissalaatti\",\"category\":\"Pääruuat\",\"portions\":2,\"cookingTime\":0.5,\"description\":\"\",\"instructions\":[\"Lisää Mifu-rasiaan hunaja ja pippuri. Raasta joukkoon sitruunan kuorta. Ravista ja jätä maustumaan kasvisten käsittelyn ajaksi\",\"Leikkaa kesäkurpitsa sentin paksuisiksi vinottaisiksi viipaleiksi\",\"Halkaise avokadot. Poista kivet. Leikkaa puoliskot kuorineen pitkittäin sentin paksuisiksi viipaleiksi\",\"Ruskista kesäkurpitsaa ja avocadoa pannulla\",\"Paista Mifu, kunnes se on saanut kauniin paistopinnan.\",\"Nosta kasvikset tarjoiluastiaan. Mausta suolalla ja sitruunanmehulla. Ripottele päälle yrtti ja Mifu. Valuta päälle oliiviöljyä. Tarjoa heti pää- tai lisukeruokana.\"]}', ''),
('Mac & cheese', '{\"description\": \"\",\"name\": \"Mac & cheese\",\"category\": \"Lisukkeet\",\"cookingTime\": 0.5,\"portions\": 4,\"ingredients\": [{\"name\": \"makaronia\",\"quantity\": 500,\"unit\": \"g\"},{\"name\": \"voita\",\"quantity\": 3,\"unit\": \"rkl\"},{\"name\": \"jauhoa\",\"quantity\": 3,\"unit\": \"rkl\"},{\"name\": \"maitoa\",\"quantity\": 5,\"unit\": \"dl\"},{\"name\": \"juustoa\",\"quantity\": 200,\"unit\": \"g\"},{\"name\": \"suolaa\",\"quantity\": 0,\"unit\": \"\"},{\"name\": \"pippuria\",\"quantity\": 0,\"unit\": \"\"}],\"instructions\": [\"Keitä makaroni kypsäksi\",\"Tee valkokastike\",\"lisää juusto ja makaroni\"]}', ''),
('Majoneesi', '{\"name\": \"Majoneesi\",\"category\": \"Lisukkeet\",\"portions\": 0,\"cookingTime\": 0.25,\"ingredients\": [{\"name\": \"kananmuna\",\"quantity\": 1,\"unit\": \"\"},{\"name\": \"öljyä\",\"quantity\": 2.1,\"unit\": \"dl\"},{\"name\": \"sinappia\",\"quantity\": 1,\"unit\": \"tl\"},{\"name\": \"happoa\",\"quantity\": 1,\"unit\": \"loraus\"},{\"name\": \"suolaa\",\"quantity\": 0,\"unit\": \"\"}],\"instructions\": []}', ''),
('Mango-ananassangria', '{\"name\": \"Mango-ananassangria\",\"category\": \"Juomat\",\"cookingTime\": 0,\"portions\": 6,\"ingredients\": [{\"name\": \"Ananasta pilkottuna\",\"quantity\": 5,\"unit\": \"dl\"},{\"name\": \"Mangoa\",\"quantity\": 3,\"unit\": \"\"},{\"name\": \"Punaviiniä\",\"quantity\": 1,\"unit\": \"plo\"},{\"name\": \"brandyä/konjakkia\",\"quantity\": 2.5,\"unit\": \"dl\"},{\"name\": \"ananasmehua\",\"quantity\": 7.5,\"unit\": \"dl\"},{\"name\": \"Keltaista jaffaa\",\"quantity\": 5,\"unit\": \"dl\"}],\"instructions\": [\"Sekoita hedelmät, punaviini, ananasmehu ja brandy.\",\"Jäähdytä, lisää limppari ja nauti!\"]}', ''),
('Mansikka-sitruunasangria', '{\"ingredients\":[{\"name\":\"mansikkoita\",\"quantity\":1,\"unit\":\"l\"},{\"name\":\"sitruuna\",\"quantity\":1,\"unit\":\"\"},{\"name\":\"valkoviiniä\",\"quantity\":1,\"unit\":\"plo\"},{\"name\":\"vaaleaa rommia\",\"quantity\":2.5,\"unit\":\"dl\"},{\"name\":\"spriteä\",\"quantity\":1,\"unit\":\"l\"},{\"name\":\"kuohuviiniä\",\"quantity\":5,\"unit\":\"dl\"},{\"name\":\"sitruunaviipaleita koristeeksi\",\"quantity\":0,\"unit\":\"\"}],\"name\":\"Mansikka-sitruunasangria\",\"category\":\"Juomat\",\"portions\":6,\"cookingTime\":0,\"description\":\"\",\"instructions\":[\"Sekoita pilkotut mansikat ja sitruunat valkoviiniin, rommiin ja limppariin.\",\"Jäähdytä\",\"Lisää kuohuviini ja nauti!\"]}', ''),
('Marjasangria', '{\"name\": \"Marjasangria\",\"category\": \"Juomat\",\"cookingTime\": 0,\"portions\": 6,\"ingredients\": [{\"name\": \"Vadelmia\",\"quantity\": 2.5,\"unit\": \"dl\"},{\"name\": \"Mansikoita\",\"quantity\": 2.5,\"unit\": \"dl\"},{\"name\": \"Mustikoita\",\"quantity\": 2.5,\"unit\": \"dl\"},{\"name\": \"Punaviiniä\",\"quantity\": 1,\"unit\": \"plo\"},{\"name\": \"Brandyä/konjakkia\",\"quantity\": 2.5,\"unit\": \"dl\"},{\"name\": \"Omenamehua\",\"quantity\": 7.5,\"unit\": \"dl\"},{\"name\": \"Spriteä\",\"quantity\": 5,\"unit\": \"dl\"},{\"name\": \"Mansikoita koristeeksi\",\"quantity\": 0,\"unit\": \"\"}],\"instructions\": [\"Sekoita marjat. punaviini, brandy ja omenamehu.\",\"Jäähdytä, lisää sprite ja nauti!\"]}', ''),
('Maustettu etikka', '{\"description\": \"\",\"name\": \"Maustettu etikka\",\"category\": \"Lisukkeet\",\"cookingTime\": 0.25,\"portions\": 0,\"ingredients\": [{\"name\": \"Riisiviinietikkaa\",\"quantity\": 1,\"unit\": \"rkl\"},{\"name\": \"Miriniä\",\"quantity\": 1,\"unit\": \"rkl\"},{\"name\": \"Soijaa\",\"quantity\": 1,\"unit\": \"rkl\"}],\"instructions\": []}', ''),
('Naan-leipä', '{\"name\": \"Naan-leipä\",\"category\": \"Leivät\",\"portions\": 0,\"cookingTime\": 5,\"ingredients\": [{\"quantity\": 0.75,\"unit\": \"kuppia\",\"name\": \"vettä\"},{\"quantity\": 1,\"unit\": \"tl\",\"name\": \"kuivahiivaa\"},{\"quantity\": 2,\"unit\": \"tl\",\"name\": \"sokeria\"},{\"quantity\": 2,\"unit\": \"kuppia\",\"name\": \"vehnäjauhoa\"},{\"quantity\": 1,\"unit\": \"tl\",\"name\": \"suolaa\"},{\"quantity\": 0.1,\"unit\": \"tl\",\"name\": \"leivinjauhetta\"},{\"quantity\": 3,\"unit\": \"rkl\",\"name\": \"jogurttia\"},{\"quantity\": 2,\"unit\": \"rkl\",\"name\": \"oliiviöljyä\"}],\"instructions\": [\"Sekoita vesi ja hiiva. Anna levätä noin 10 minuuttia.\",\"Lisää joukkoon jogurtti ja öljy.\",\"Sekoita kaikki aineet keskenään ja anna kohota 2-4 tuntia.\",\"Kauli leivät oikean muotoisiksi ja paista pannulla noin minuutti kummaltakin puolelta.\"]}\r\n', ''),
('Paprikadippi', '{\"name\": \"Paprikadippi\",\"category\": \"Pikkupurtavaa\",\"portions\": 4,\"cookingTime\": 0,\"ingredients\": [{\"name\": \"Paprikaa\",\"quantity\": 3,\"unit\": \"kpl\"},{\"name\": \"Chiliä\",\"quantity\": 2,\"unit\": \"kpl\"},{\"name\": \"Limemehua \",\"quantity\": 3,\"unit\": \"rkl\"},{\"name\": \"Juustokuminaa \",\"quantity\": 1,\"unit\": \"tl\"},{\"name\": \"Kotijuustoa \",\"quantity\": 250,\"unit\": \"g\"}],\"instructions\": [\"Leikkaa paprikat ja chilit kahtia, poista siemenet. Laita leivinpaperille uunipellille leikkuupinta alaspäin. Paahda grillivastuksen alla n. 10 min tai kunnes paprikoiden ja chilien kuoret mustuvat kauttaaltaan.\",\"Anna jäähtyä hetki, irrota kuoret. Soseuta paprikat ja chilit. Mausta. Sekoita lopuksi murennettu kotijuusto dipin joukkoon\"],\"description\": \"\"}', ''),
('Pastataikina', '{\"description\": \"Taikina säilyy pakastettuna noin kaksi kuukautta.\\nLisää väriä sekoittamalla taikinaan esimerkiksi pinaattia tai punajuurimehua.\",\"name\": \"Pastataikina\",\"category\": \"Perusohjeet\",\"cookingTime\": 1,\"portions\": 2,\"ingredients\": [{\"name\": \"kananmunaa\",\"quantity\": 2,\"unit\": \"\"},{\"name\": \"durumvehnäjauhoja\",\"quantity\": 100,\"unit\": \"g\"},{\"name\": \"puolikarkeita vehnäjauhoja\",\"quantity\": 100,\"unit\": \"g\"}],\"instructions\": [\"Sekoita ainekset ja vaivaa noin 10 minuuttia.\",\"Peittele taikinapallo kermulla ja anna levätä jääkaapissa noin puoli tuntia.\"]}', ''),
('Pekoni-kanapasta', '{\"ingredients\":[{\"quantity\":300,\"unit\":\"g\",\"name\":\"pastaa\"},{\"quantity\":85,\"unit\":\"g\",\"name\":\"pekonia\"},{\"quantity\":450,\"unit\":\"g\",\"name\":\"kanaa\"},{\"quantity\":1,\"unit\":\"\",\"name\":\"sipuli\"},{\"quantity\":1,\"unit\":\"\",\"name\":\"paprika\"},{\"quantity\":2.5,\"unit\":\"dl\",\"name\":\"ranskankermaa\"},{\"quantity\":1,\"unit\":\"\",\"name\":\"persiljaa\"},{\"quantity\":0,\"unit\":\"\",\"name\":\"suolaa\"},{\"quantity\":0,\"unit\":\"\",\"name\":\"pippuria\"}],\"name\":\"Pekoni-kanapasta\",\"category\":\"Pääruuat\",\"portions\":3,\"cookingTime\":0.5,\"description\":\"\",\"instructions\":[\"Ruskista pekonit ja siirrä sivuun\",\"Ruskista broilerit\",\"Lisää sipuli, paprika ja pekoni, mausta\",\"Lisää Ranskankerma\",\"viimeistele persiljalla\"]}', ''),
('Perunasalaatti', '{\"name\": \"Perunasalaatti\",\"category\": \"Lisukkeet\",\"cookingTime\": 1,\"portions\": 6,\"ingredients\": [{\"name\": \"pieniä perunoita\",\"quantity\": 1,\"unit\": \"kg\"},{\"name\": \"punasipuli\",\"quantity\": 1,\"unit\": \"\"},{\"name\": \"omena\",\"quantity\": 1,\"unit\": \"\"},{\"name\": \"oliiveja\",\"quantity\": 1,\"unit\": \"prk\"},{\"name\": \"kermaviiliä\",\"quantity\": 2,\"unit\": \"prk\"},{\"name\": \"aura-juustoa\",\"quantity\": 150,\"unit\": \"g\"},{\"name\": \"sinappia\",\"quantity\": 2,\"unit\": \"rkl\"},{\"name\": \"limettimehua\",\"quantity\": 2,\"unit\": \"rkl\"},{\"name\": \"sokeria\",\"quantity\": 1,\"unit\": \"rkl\"},{\"name\": \"mustapippuria\",\"quantity\": 0.5,\"unit\": \"tl\"},{\"name\": \"hienonnettua ruohosipulia\",\"quantity\": 1,\"unit\": \"dl\"},{\"name\": \"kapriksia\",\"quantity\": 0,\"unit\": \"\"}],\"instructions\": []}', ''),
('Pesto-kasvispasta', '{\"description\": \"\",\"name\": \"Pesto-kasvispasta\",\"category\": \"Pääruuat\",\"cookingTime\": 0.5,\"portions\": 4,\"ingredients\": [{\"name\": \"kesäkurpitsa\",\"quantity\": 1,\"unit\": \"\"},{\"name\": \"paprika\",\"quantity\": 1,\"unit\": \"\"},{\"name\": \"sipuli\",\"quantity\": 2,\"unit\": \"\"},{\"name\": \"valkosipulinkynttä\",\"quantity\": 2,\"unit\": \"\"},{\"name\": \"tomaattimurskaa\",\"quantity\": 1,\"unit\": \"tlk\"},{\"name\": \"punaista pestoa\",\"quantity\": 1,\"unit\": \"prk\"},{\"name\": \"oreganoa\",\"quantity\": 0,\"unit\": \"\"},{\"name\": \"basilikaa\",\"quantity\": 0,\"unit\": \"\"},{\"name\": \"pippuria\",\"quantity\": 0,\"unit\": \"\"},{\"name\": \"suolaa\",\"quantity\": 0,\"unit\": \"\"}],\"instructions\": [\"Kuulota sipulit\",\"Lisää paprika ja kesäkurpitsa ja kypsennä pehmeiksi\",\"Mausta ja lisää tomaattimurska ja pesto\",\"Hauduta noin 10 minuuttia\"]}', ''),
('Pikkelöidyt kasvikset', '{\"name\": \"Pikkelöidyt kasvikset\",\"category\": \"Lisukkeet\",\"cookingTime\": 0.5,\"portions\": 0,\"ingredients\": [{\"name\": \"Väkiviinaetikkaa\",\"quantity\": 2,\"unit\": \"rkl\"},{\"name\": \"Sokeria\",\"quantity\": 1,\"unit\": \"rkl\"},{\"name\": \"Suolaa\",\"quantity\": 1,\"unit\": \"tl\"},{\"name\": \"Kurkkua, kukkakaalia tms.\",\"quantity\": 0,\"unit\": \"\"}],\"instructions\": [\"Sekoita etikka, sokeri, suola ja kasvikset.\",\"Anna tekeytyä vähintään 20 minuuttia ja tarjoile.\"]}', ''),
('Pinaatti-kanapasta', '{\"name\": \"Pinaatti-kanapasta\",\"category\": \"Pääruuat\",\"portions\": 2,\"cookingTime\": 0.5,\"ingredients\": [{\"quantity\": 200,\"unit\": \"g\",\"name\": \"pastaa\"},{\"quantity\": 450,\"unit\": \"g\",\"name\": \"kanaa\"},{\"quantity\": 200,\"unit\": \"g\",\"name\": \"purjoa\"},{\"quantity\": 1,\"unit\": \"tl\",\"name\": \"suolaa\"},{\"quantity\": 1,\"unit\": \"tl\",\"name\": \"pippuria\"},{\"quantity\": 150,\"unit\": \"g\",\"name\": \"pinaattia\"},{\"quantity\": 2,\"unit\": \"dl\",\"name\": \"ruokakermaa\"},{\"quantity\": 150,\"unit\": \"g\",\"name\": \"vuohenjuustoa\"}],\"instructions\": [\"Hienonna purjo\",\"Paista kana kypsäksi, mausta suolalla ja pippurilla ja siirrä sivuun\",\"Kuullota purjo ja lisää jäinen pinaatti\",\"Lisää kana, ruokakerma ja vuohenjuusto. Anna hautua noin 5 minuuttia\",\"Sekoita valutettu pasta kastikkeen joukkoon\"]}', ''),
('Pinaattignocchit', '{\"ingredients\":[{\"name\":\"jauhoisia perunoita\",\"quantity\":800,\"unit\":\"g\"},{\"name\":\"pinaattia\",\"quantity\":150,\"unit\":\"g\"},{\"name\":\"parmesaania\",\"quantity\":2,\"unit\":\"dl\"},{\"name\":\"suolaa\",\"quantity\":1,\"unit\":\"tl\"},{\"name\":\"valkosipulinkynttä\",\"quantity\":1,\"unit\":\"\"},{\"name\":\"kananmunaa\",\"quantity\":1,\"unit\":\"\"},{\"name\":\"vehnäjauhoa\",\"quantity\":3,\"unit\":\"dl\"}],\"name\":\"Pinaattignocchit\",\"category\":\"Perusohjeet\",\"portions\":6,\"cookingTime\":1,\"description\":\"\",\"instructions\":[\"Höyrytä perunat\",\"Soseuta perunat ja anna jäähtyä kädenlämpöiseksi\",\"Valuta pinaatti mahdollisimman kuivaksi ja lisää muiden mausteiden ja kananmunan kanssa perunasoseeseen\",\"Vaivaa jauhot vähitellen sekaan\",\"Pyöritä taikina tangoiksi ja leikkaa pieniksi paloiksi\",\"Keitä noin 3 minuittia, kunnes gnocchit nousevat pintaan\",\"Paista kypsät gnocchit voissa\"]}', ''),
('Pitsataikina', '{\"ingredients\":[{\"name\":\"vehnäjauhoa\",\"quantity\":\"730\",\"unit\":\"g\"},{\"name\":\"vettä\",\"quantity\":\"500\",\"unit\":\"g\"},{\"name\":\"kuivahiivaa\",\"quantity\":\"7\",\"unit\":\"g\"},{\"name\":\"suolaa\",\"quantity\":\"14\",\"unit\":\"g\"},{\"name\":\"öljyä\",\"quantity\":\"14\",\"unit\":\"g\"},{\"name\":\"sokeria\",\"quantity\":\"14\",\"unit\":\"g\"}],\"name\":\"Pitsataikina\",\"category\":\"Perusohjeet\",\"portions\":4,\"cookingTime\":2,\"description\":\"\",\"instructions\":[\"Vaivaa ainekset keskenään\",\"Anna kohota yli tunnin\"]}', ''),
('Porkkanakakku', '{\"name\": \"Porkkanakakku\",\"category\": \"Makeat\",\"portions\": 2,\"cookingTime\": 1.5,\"ingredients\": [{\"quantity\": 300,\"unit\": \"g\",\"name\": \"porkkanaa kuorittuna\"},{\"quantity\": 3,\"unit\": \"\",\"name\": \"kananmunaa\"},{\"quantity\": 3,\"unit\": \"dl\",\"name\": \"sokeria\"},{\"quantity\": 1.5,\"unit\": \"dl\",\"name\": \"öljyä\"},{\"quantity\": 3.5,\"unit\": \"dl\",\"name\": \"vehnäjauhoa\"},{\"quantity\": 2,\"unit\": \"tl\",\"name\": \"kanelia\"},{\"quantity\": 1,\"unit\": \"tl\",\"name\": \"soodaa\"},{\"quantity\": 1,\"unit\": \"tl\",\"name\": \"leivinjauhetta\"},{\"subtitle\": \"Kuorrutus\"},{\"quantity\": 50,\"unit\": \"g\",\"name\": \"voita\"},{\"quantity\": 180,\"unit\": \"g\",\"name\": \"tuorejuustoa\"},{\"quantity\": 1.5,\"unit\": \"dl\",\"name\": \"tomusokeria\"},{\"quantity\": 1,\"unit\": \"tl\",\"name\": \"vaniliinisokeria\"}],\"instructions\": [\"raasta porkkanat hienoksi raasteeksi\",\"vaahdota munat ja sokeri\",\"lisää öljy ja porkkanaraaste\",\"sekoita kuivat aineet keskenään ja lisää taikinaan\",\"kaada taikina kakkuvuokaan tai uunipelille\",\"paista 175 asteessa noin 50 minuuttia\",\"Sulata rasva kuorrutusta varten ja sekoita joukkoon muut ainekset\",\"levitä kuorrute jäähtyneen porkkanakakun pinnalle\"]}', ''),
('Porkkanasämpylät', '{\"name\": \"Porkkanasämpylät\",\"category\": \"Leivät\",\"portions\": 20,\"cookingTime\": 1,\"ingredients\": [{\"quantity\": 5,\"unit\": \"dl\",\"name\": \"vettä\"},{\"quantity\": 1,\"unit\": \"pussi\",\"name\": \"kuivahiivaa\"},{\"quantity\": 2,\"unit\": \"tl\",\"name\": \"suolaa\"},{\"quantity\": 1,\"unit\": \"rkl\",\"name\": \"siirappia\"},{\"quantity\": 1,\"unit\": \"dl\",\"name\": \"pellavansiemeniä\"},{\"quantity\": 1,\"unit\": \"dl\",\"name\": \"rouhittuja auringonkukansiemeniä\"},{\"quantity\": 1,\"unit\": \"\",\"name\": \"porkkana\"},{\"quantity\": 2,\"unit\": \"dl\",\"name\": \"vehnäleseitä\"},{\"quantity\": 0.5,\"unit\": \"dl\",\"name\": \"öljyä\"},{\"quantity\": 10,\"unit\": \"dl\",\"name\": \"venhäjauhoja\"}],\"instructions\": [\"Murenna hiiva haaleaan nesteeseen. Lisää mausteet, siemenet, leseet, öljy ja porkkanaraaste. Lisää jauhot ja vaivaa taikina tasaiseksi ja kimmoisaksi. Anna kohota noin 30 minuuttia.\",\"Kumoa taikina pöydälle, painele pois ilmakuplat. Jaa taikina noin 20 palaksi ja pyörittele sämpylöiksi. Kohota sämpylät liinan alla.\",\"Voitele vedellä ja ripottele pinnalle reilusti siemeniä.\",\"Paista sämpylöitä 200-asteisessa uunissa noin 12 minuuttia.\"]}', ''),
('Pulled chicken', '{\"name\": \"Pulled chicken\",\"category\": \"Pääruuat\",\"cookingTime\": 2,\"portions\": 4,\"ingredients\": [{\"name\": \"kanan koipireisiä\",\"quantity\": 1.5,\"unit\": \"kg\"},{\"name\": \"iso sipuli\",\"quantity\": 1,\"unit\": \"\"},{\"name\": \"valkosipulinkynttä\",\"quantity\": 3,\"unit\": \"\"},{\"name\": \"savustettua paprikajauhetta\",\"quantity\": 2,\"unit\": \"tl\"},{\"name\": \"suolaa\",\"quantity\": 2,\"unit\": \"tl\"},{\"name\": \"pippuria\",\"quantity\": 0,\"unit\": \"\"},{\"name\": \"BBQ-kastiketta\",\"quantity\": 3,\"unit\": \"dl\"}],\"instructions\": [\"Lämmitä uuni 170 asteeseen\",\"Kuullota sipuli ja valkosipuli padassa\",\"Lisää kuivat mausteet ja sekoita\",\"Lisää kanat yksitellen\",\"Sekoita hyvin ja lisää suola ja pippuri\",\"Lisää BBQ-kastike\",\"Anna kypsyä 90 minuuttia uunissa\",\"Revi kanat ja samaan aikaan keitä kasaan pataan jäänyt kastike\",\"Kaada kastike kanojen päälle ja sekoita\"]}', ''),
('Pulled pork', '{\"name\": \"Pulled pork\",\"category\": \"Pääruuat\",\"portions\": 4,\"cookingTime\": 8,\"ingredients\": [{\"quantity\": 1,\"unit\": \"kg\",\"name\": \"sian kassleria\"},{\"quantity\": 0,\"unit\": \"\",\"name\": \"BBQ-kastiketta\"}],\"instructions\": [\"Hiero kasslerin pintaan suolaa\",\"Laita uunivuokaan ja peitä BBQ-kastikkeella\",\"Peitä kassler ensin leivinpaperilla ja sitten uunivuoka foliolla kaksin kerroin\",\"Paista uunissa 4 h 150 °C tai yön yli 90 °C\"]}', ''),
('Punasipulihilloke', '{\"description\": \"\",\"name\": \"Punasipulihilloke\",\"category\": \"Lisukkeet\",\"cookingTime\": 1,\"portions\": 2,\"ingredients\": [{\"name\": \"sipulia\",\"quantity\": 3,\"unit\": \"\"},{\"name\": \"sokeria\",\"quantity\": 3,\"unit\": \"rkl\"},{\"name\": \"punaviinietikkaa\",\"quantity\": 0.25,\"unit\": \"dl\"},{\"name\": \"lihalientä\",\"quantity\": 2,\"unit\": \"dl\"},{\"name\": \"punaviiniä\",\"quantity\": 0.5,\"unit\": \"dl\"},{\"name\": \"pippuria\",\"quantity\": 0.5,\"unit\": \"tl\"},{\"name\": \"oksaa timjamia\",\"quantity\": 2,\"unit\": \"\"}],\"instructions\": [\"Paahda sokeri, lisää sipulit ja kuullota hetki\",\"Kaada joukkoon etikka ja keitä n. 5 min\",\"Lisää muut nesteet ja mausta\",\"Hauduta miedolla lämmöllä, kunnes neste on haihtunut lähes kokonaan\"]}', ''),
('Punaviinikastike', '{\"name\": \"Punaviinikastike\",\"category\": \"Kastikkeet\",\"portions\": 0,\"cookingTime\": 1,\"ingredients\": [{\"quantity\": 5,\"unit\": \"dl\",\"name\": \"lihalientä\"},{\"quantity\": 2.5,\"unit\": \"dl\",\"name\": \"punaviiniä\"},{\"quantity\": 0.5,\"unit\": \"\",\"name\": \"porkkana\"},{\"quantity\": 1,\"unit\": \"\",\"name\": \"salottisipuli\"},{\"quantity\": 1,\"unit\": \"rkl\",\"name\": \"sokeria\"},{\"quantity\": 0,\"unit\": \"\",\"name\": \"timjamia\"},{\"quantity\": 0,\"unit\": \"\",\"name\": \"rosmariinia\"},{\"quantity\": 0,\"unit\": \"\",\"name\": \"pippuria\"},{\"quantity\": 0,\"unit\": \"\",\"name\": \"suolaa\"}],\"instructions\": [\"Kuullota porkkanoita ja sipuleita ruskistamatta\",\"Lisää sokeri ja anna karamellisoitua hetki\",\"Lisää punaviini, rosmariini ja timjami ja keitä kasaan puolet\",\"Lisää lihaliemi ja keitä kasaan\",\"Siivilöi ja mausta suolalla ja pippurilla\"]}', ''),
('Puolukka-vaniljakierrepullat', '{\"name\": \"Puolukka-vaniljakierrepullat\",\"category\": \"Makeat\",\"cookingTime\": 1.5,\"portions\": 0,\"ingredients\": [{\"subtitle\": \" Pullataikina\"},{\"name\": \"maitoa\",\"quantity\": 2.5,\"unit\": \"dl\"},{\"name\": \"hiivaa\",\"quantity\": 25,\"unit\": \"g\"},{\"name\": \"sokeria\",\"quantity\": 1,\"unit\": \"dl\"},{\"name\": \"kardemummaa\",\"quantity\": 1,\"unit\": \"tl\"},{\"name\": \"suolaa\",\"quantity\": 0.75,\"unit\": \"tl\"},{\"name\": \"kananmuna\",\"quantity\": 1,\"unit\": \"\"},{\"name\": \"voita\",\"quantity\": 100,\"unit\": \"g\"},{\"name\": \"venhäjauhoja\",\"quantity\": 7.5,\"unit\": \"dl\"},{\"subtitle\": \" Täyte\"},{\"name\": \"turkkilaista jogurttia\",\"quantity\": 200,\"unit\": \"g\"},{\"name\": \"sokeria\",\"quantity\": 1,\"unit\": \"dl\"},{\"name\": \"kananmuna\",\"quantity\": 1,\"unit\": \"\"},{\"name\": \"vaniljakastikejauhetta\",\"quantity\": 72,\"unit\": \"g\"},{\"name\": \"puolukoita\",\"quantity\": 200,\"unit\": \"g\"},{\"subtitle\": \" Lisäksi\"},{\"name\": \"paperisia pullavuokia\",\"quantity\": 0,\"unit\": \"\"},{\"name\": \"kananmuna voiteluun\",\"quantity\": 1,\"unit\": \"\"}],\"instructions\": [\"Valmista pullataikina vehnäjauhopakkauksen ohjeen mukaan. Sekoita täytettä varten jogurtin joukkoon sokeri, kananmuna sekä vaniljakastikejauhe.\",\"Vaivaa taikinaa pöydällä ja jaa se kahteen osaan. Kauli taikinapala noin 30 x 15 cm levyksi. Levitä levylle puolet vaniljakastikkeesta ja ripottele päälle puolet puolukoista. Taita levy pitkän sivun suuntaisesti kahtia. Painele varovasti taikinapuolikkaita yhteen. Leikkaa taikina 4 cm levyisiksi suikaleiksi. Leikkaa suikaleet edelleen lähes päähän saakka puoliksi.\",\"Kierrä suikaleita molemmista päistä ja kiepauta ne solmuksi. Nosta pullat pullavuokiin. Leivo toinen taikinapala samoin. Kohota pullat leivinliinan alla ja voitele kananmunalla. Paista 225 asteessa 12-15 minuuttia.\"]}', ''),
('Puolukkakukko', '{\"ingredients\":[{\"subtitle\":\"Pohja\"},{\"quantity\":200,\"unit\":\"g\",\"name\":\"voita\"},{\"quantity\":0.75,\"unit\":\"dl\",\"name\":\"sokeria\"},{\"quantity\":3,\"unit\":\"dl\",\"name\":\"ruisjauhoa\"},{\"quantity\":0.75,\"unit\":\"dl\",\"name\":\"vehnäjauhoa\"},{\"quantity\":0.5,\"unit\":\"tl\",\"name\":\"leivinjauhetta\"},{\"subtitle\":\"Täyte\"},{\"quantity\":5,\"unit\":\"dl\",\"name\":\"puolukoita\"},{\"quantity\":0.75,\"unit\":\"dl\",\"name\":\"sokeria\"},{\"quantity\":0.3,\"unit\":\"dl\",\"name\":\"perunajauhoa\"}],\"name\":\"Puolukkakukko\",\"category\":\"Makeat\",\"portions\":2,\"cookingTime\":0,\"description\":\"\",\"instructions\":[\"Vaahdota sokeri ja pehmeä voi\",\"Lisää jauhot siivilän läpi\",\"Taputtele 75% taikinasta 23 cm uunivuokaan reunoille ja pohjalle jauhotetulla kädellä\",\"Sekoita puolukoiden joukkoon sokeri ja perunajauhot\",\"Kaada puolukat vuokaan\",\"Lisää loppu taikina puolukoiden päälle\",\"Paista alimmalla tasolla 200 asteessa noin 20 minuuttia\"]}', ''),
('Päärynätorttu', '{\"ingredients\":[{\"subtitle\":\"Pohja\"},{\"quantity\":100,\"unit\":\"g\",\"name\":\"voita\"},{\"quantity\":0.5,\"unit\":\"dl\",\"name\":\"sokeria\"},{\"quantity\":1,\"unit\":\"tl\",\"name\":\"vaniljasokeria\"},{\"quantity\":1,\"unit\":\"\",\"name\":\"keltuainen\"},{\"quantity\":2.5,\"unit\":\"dl\",\"name\":\"vehnäjauhoa\"},{\"subtitle\":\"Täyte\"},{\"quantity\":200,\"unit\":\"g\",\"name\":\"vaniljatuorejuustoa\"},{\"quantity\":170,\"unit\":\"g\",\"name\":\"lemon curdia\"},{\"quantity\":80,\"unit\":\"g\",\"name\":\"valkosuklaata\"},{\"quantity\":0,\"unit\":\"\",\"name\":\"kanelia\"},{\"quantity\":3,\"unit\":\"\",\"name\":\"päärynää\"},{\"quantity\":0,\"unit\":\"\",\"name\":\"sitruunamehua\"},{\"subtitle\":\"Pinnalle\"},{\"quantity\":0,\"unit\":\"\",\"name\":\"tomusokeria\"},{\"quantity\":0,\"unit\":\"\",\"name\":\"kanelia\"}],\"name\":\"Päärynätorttu\",\"category\":\"Makeat\",\"portions\":2,\"cookingTime\":1,\"description\":\"\",\"instructions\":[\"vaahdota voi ja sokeri\",\"lisää keltuainen\",\"lisää joukkoon jauhot muutamassa erässä\",\"voitele piirakkavuoka ja levitä taikina vuoan pohjalle ja reunoille\",\"sekoita lemon curd ja tuorejuusto keskenään\",\"sulata valkosuklaa ja lisää joukkoon\",\"levitä täyte vuokaan ja ripottele pinnalle kanelia\",\"siivuta pärynät ja painele täytteen joukkoon\",\"Sivele päärynöiden pinnalle sitruunamehua\",\"Paista 200 asteessa noin 40 minuuttia\"]}', '');
INSERT INTO `reseptit_simple` (`nimi`, `json_data`, `kuva`) VALUES
('Raikas coleslaw', '{\"name\": \"Raikas coleslaw\",\"category\": \"Lisukkeet\",\"portions\": 0,\"cookingTime\": 0.5,\"ingredients\": [{\"quantity\": 0.5,\"unit\": \"\",\"name\": \"kaalia\"},{\"quantity\": 0.5,\"unit\": \"\",\"name\": \"punakaalia\"},{\"quantity\": 400,\"unit\": \"g\",\"name\": \"porkkanaa\"},{\"quantity\": 1,\"unit\": \"\",\"name\": \"nippu korianteria\"},{\"quantity\": 3,\"unit\": \"\",\"name\": \"limen mehu\"},{\"quantity\": 1.5,\"unit\": \"dl\",\"name\": \"öljyä\"},{\"quantity\": 2,\"unit\": \"tl\",\"name\": \"sokeria\"},{\"quantity\": 0,\"unit\": \"\",\"name\": \"suolaa\"},{\"quantity\": 0,\"unit\": \"\",\"name\": \"pippuria\"}],\"instructions\": [\"Suikaloi kaalit ja raasta porkkana\",\"Sekoita isossa kulhossa\",\"Lisää loput ingredients\"]}', ''),
('Ranskalaiset perunat', '{\"name\": \"Ranskalaiset perunat\",\"category\": \"Lisukkeet\",\"portions\": 0,\"cookingTime\": 0.5,\"ingredients\": [],\"instructions\": [\"Leikkaa perunat pitkulaisiksi ja laita kylmään veteen likoamaan\",\"Valuta vesi pois ja kuivaa perunat kevyesti talouspaperilla\",\"Kuumenna öljy 180 - 190 asteiseksi\",\"Uppopaista perunoita pienissä erissä koosta riippuen 2 – 3 minuuttia. Vaihtoehtoisesti perunoita voi keittää vedessä saman verran.\",\"Valuta perunat talouspaperin päällä ennen toista paistokertaa\",\"Paista uudelleen samalla tavalla 2 – 3 minuuttia\",\"Mausta suolalla ennen tarjoilua\"]}', ''),
('Riisin keittäminen', '{\"description\": \"\",\"name\": \"Riisin keittäminen\",\"category\": \"Perusohjeet\",\"cookingTime\": 0.3,\"portions\": 2,\"ingredients\": [{\"name\": \"riisiä\",\"quantity\": 1,\"unit\": \"dl\"},{\"name\": \"vettä\",\"quantity\": 1.5,\"unit\": \"dl\"}],\"instructions\": [\"Keitä vesi kiehuvaksi\",\"Anna hautua miedolla lämmöllä noin 15 minuuttia\"]}', ''),
('Risotto', '{\"ingredients\":[{\"name\":\"kasvislientä\",\"quantity\":4,\"unit\":\"dl\"},{\"name\":\"öljyä\",\"quantity\":0.5,\"unit\":\"rkl\"},{\"name\":\"sipuli\",\"quantity\":1,\"unit\":\"\"},{\"name\":\"suolaa\",\"quantity\":1,\"unit\":\"ripaus\"},{\"name\":\"pippuria\",\"quantity\":1,\"unit\":\"ripaus\"},{\"name\":\"valkosipulinkynsi\",\"quantity\":1,\"unit\":\"\"},{\"name\":\"risottoriisiä\",\"quantity\":150,\"unit\":\"g\"},{\"name\":\"valkoviiniä\",\"quantity\":0.5,\"unit\":\"dl\"},{\"name\":\"parmesaania\",\"quantity\":50,\"unit\":\"g\"}],\"name\":\"Risotto\",\"category\":\"Lisukkeet\",\"portions\":2,\"cookingTime\":0.5,\"description\":\"\",\"instructions\":[\"Kuulota sipuli ja lisää suola\",\"Lisää valkosipuli ja kääntele 2 min\",\"Lisää riisi ja nosta lämpöä\",\"Kääntele riisiä 2 min, riisi ei saa saada väriä\",\"Lisää viini ja hämmennä\",\"Lisää kasvislientä vähän kerrallaan ja laske lämpöä siten, että riisi juuri ja juuri kiehuu.\",\"Jatka liemen lisäämistä, kunnes riisi on kypsää\",\"Nosta risotto pois liedeltä ja lisää parmesaani\"]}', ''),
('Roux', '{\"description\": \"\",\"name\": \"Roux\",\"category\": \"Perusohjeet\",\"cookingTime\": 0,\"portions\": 0,\"ingredients\": [{\"subtitle\": \"Ohut kastike\"},{\"name\": \"rasvaa\",\"quantity\": 45,\"unit\": \"g\"},{\"name\": \"jauhoa\",\"quantity\": 45,\"unit\": \"g\"},{\"name\": \"nestettä\",\"quantity\": 1,\"unit\": \"l\"},{\"subtitle\": \" Ja niin edelleen\"}],\"instructions\": [\"Paista jauhoja rasvassa tai öljyssä kunnes haluttu väri on saavutettu\",\"Lisää neste voimakkaasti sekoittaen\"]}', ''),
('Saaristolaislimppu', '{\"ingredients\":[{\"name\":\"piimää\",\"quantity\":1,\"unit\":\"l\"},{\"name\":\"hiivaa\",\"quantity\":50,\"unit\":\"g\"},{\"name\":\"siirappia\",\"quantity\":3,\"unit\":\"dl\"},{\"name\":\"vehnäleseitä\",\"quantity\":3,\"unit\":\"dl\"},{\"name\":\"maltaita\",\"quantity\":3,\"unit\":\"dl\"},{\"name\":\"ruisjauhoa\",\"quantity\":3,\"unit\":\"dl\"},{\"name\":\"vehnäjauhoa\",\"quantity\":10,\"unit\":\"dl\"},{\"name\":\"suolaa\",\"quantity\":1,\"unit\":\"rkl\"}],\"name\":\"Saaristolaislimppu\",\"category\":\"Leivät\",\"portions\":4,\"cookingTime\":5,\"description\":\"\",\"instructions\":[\"Sekoita kaikki aineet keskenään.\",\"Jaa taikina neljään leipävuokaan\",\"Anna kohota huoneenlämmössä noin kaksi tuntia\",\"Paista 2,5 - 3 tuntia 175 asteessa\",\"Kun pinta on ruskistunut, alenna lampötila 150 asteeseen ja peitä leivät foliolla\"]}', ''),
('Sieniraviolitäyte & kastike', '{\"name\": \"Sieniraviolitäyte & kastike\",\"category\": \"Pääruuat\",\"cookingTime\": 1,\"portions\": 0,\"ingredients\": [{\"subtitle\": \" Täyte\"},{\"name\": \"Sieniä\",\"quantity\": 1,\"unit\": \"l\"},{\"name\": \"Sipuli\",\"quantity\": 1,\"unit\": \"\"},{\"name\": \"Valkosipulinkynttä\",\"quantity\": 4,\"unit\": \"\"},{\"name\": \"Voita\",\"quantity\": 2,\"unit\": \"rkl\"},{\"name\": \"Persiljaa\",\"quantity\": 1,\"unit\": \"nippu\"},{\"name\": \"Mustaleimaa\",\"quantity\": 1.5,\"unit\": \"dl\"},{\"name\": \"Suolaa\",\"quantity\": 1,\"unit\": \"ripaus\"},{\"name\": \"Mustapippuria\",\"quantity\": 1,\"unit\": \"ripaus\"},{\"subtitle\": \" Voikastike\"},{\"name\": \"Oliiviöljyä\",\"quantity\": 2,\"unit\": \"rkl\"},{\"name\": \"Voita\",\"quantity\": 25,\"unit\": \"g\"},{\"name\": \"Sieniä\",\"quantity\": 1,\"unit\": \"dl\"},{\"name\": \"Saksanpähkinöitä\",\"quantity\": 1,\"unit\": \"dl\"},{\"name\": \"Suolaa\",\"quantity\": 1,\"unit\": \"ripaus\"}],\"instructions\": [\"Ota sivuun kourallinen suppilovahveroita voikastiketta varten. Kuullota voissa pannulla pieneksi silputtu sipuli ja valkosipuli. Lisää suppilovahverot ja paista kunnes nesteet ovat haihtuneet, noin 10 minuuttia.\",\"Lisää kerma pikku hiljaa, anna kiehahtaa hetki ja nosta pois liedeltä.\",\"Kun täyte on hieman jäähtynyt, lisää hienoksi raastettu juusto ja persiljasilppu.\",\"Kokoa raviolit.\",\"Keitä runsaassa vedessä n. 10 minuuttia riippuen ravioleiden koosta ja paksuudesta. Valmista sillä välin voikastike.\",\"Kuumenna pannulla öljy ja voi. Paista suppilovahverot nopeasti pannulla. Mausta suolalla.\"]}', ''),
('Suklaan temperointi', '{\"description\": \"\",\"name\": \"Suklaan temperointi\",\"category\": \"Perusohjeet\",\"cookingTime\": 1,\"portions\": 0,\"ingredients\": [{\"subtitle\": \"Tumma suklaa\"},{\"name\": \"1. vaihe\",\"quantity\": 49,\"unit\": \"\"},{\"name\": \"2. vaihe\",\"quantity\": 26,\"unit\": \"\"},{\"name\": \"3. vaihe\",\"quantity\": 31,\"unit\": \"\"},{\"subtitle\": \" Maitosuklaa\"},{\"name\": \"1. vaihe\",\"quantity\": 45,\"unit\": \"\"},{\"name\": \"2. vaihe\",\"quantity\": 26,\"unit\": \"\"},{\"name\": \"3. vaihe\",\"quantity\": 30,\"unit\": \"\"},{\"subtitle\": \" Valkoinen suklaa\"},{\"name\": \"1. vaihe\",\"quantity\": 40,\"unit\": \"\"},{\"name\": \"2. vaihe\",\"quantity\": 26,\"unit\": \"\"},{\"name\": \"3. vaihe\",\"quantity\": 28,\"unit\": \"\"}],\"instructions\": []}', ''),
('Sushiriisi', '{\"description\": \"\",\"name\": \"Sushiriisi\",\"category\": \"Perusohjeet\",\"cookingTime\": 1,\"portions\": 3,\"ingredients\": [{\"name\": \"riisiä\",\"quantity\": 5,\"unit\": \"dl\"},{\"name\": \"vettä\",\"quantity\": 6,\"unit\": \"dl\"}],\"instructions\": [\"Huuhtele riisi huolella\",\"Mittaa kattilaan vesi ja lisää riisi sekaan\",\"Anna seistä noin 15 minuuttia\",\"kiehauta vesi ja anna hautua erittäin miedolla lämmöllä noin 10 minuuttia avaamatta kantta\",\"Ota lämpö pois ja anna hautua vielä 10 minuuttia\",\"Kaada riisi laakeaan astiaan ja jäähdytä viuhkalla\"]}', ''),
('Tabouleh', '{\"name\": \"Tabouleh\",\"category\": \"Pikkupurtavaa\",\"portions\": 4,\"cookingTime\": \"\",\"ingredients\": [{\"name\": \"Bulguria\",\"quantity\": 1.5,\"unit\": \"dl\"},{\"name\": \"Tomaatteja \",\"quantity\": 150,\"unit\": \"g\"},{\"name\": \"Paprikaa\",\"quantity\": 1,\"unit\": \"kpl\"},{\"name\": \"Kurkkua\",\"quantity\": 0.5,\"unit\": \"kpl\"},{\"name\": \"Sipulia\",\"quantity\": 0.5,\"unit\": \"kpl\"},{\"name\": \"Persiljaa \",\"quantity\": 1,\"unit\": \"nippu\"},{\"name\": \"Minttua \",\"quantity\": 0.3,\"unit\": \"nippua\"},{\"name\": \"Sitruunamehua \",\"quantity\": 1,\"unit\": \"rkl\"},{\"name\": \"Oliiviöljyä \",\"quantity\": 1,\"unit\": \"rkl\"}],\"instructions\": [\"Valmista bulgur paketin ohjeen mukaisesti. \",\"Pilko ainekset. \",\"Sekoita kaikki aineet keskenään ja mausta suolalla ja pippurilla. \"],\"description\": \"\"}', ''),
('Tempura', '{\"ingredients\":[{\"subtitle\":\"Friteeraustaikina\"},{\"name\":\"jauhoja\",\"quantity\":\"2\",\"unit\":\"dl\"},{\"name\":\"maissijauhoja\",\"quantity\":1.5,\"unit\":\"dl\"},{\"name\":\"leivinjauhetta\",\"quantity\":1,\"unit\":\"tl\"},{\"name\":\"suolaa\",\"quantity\":0.5,\"unit\":\"tl\"},{\"name\":\"soodavettä\",\"quantity\":2.5,\"unit\":\"dl\"},{\"subtitle\":\"Kastike\"},{\"name\":\"miriniä\",\"quantity\":0.5,\"unit\":\"dl\"},{\"name\":\"soijaa\",\"quantity\":0.5,\"unit\":\"dl\"},{\"name\":\"sokeria\",\"quantity\":1.5,\"unit\":\"tl\"},{\"name\":\"vettä\",\"quantity\":\"1\",\"unit\":\"dl\"},{\"name\":\"misotahnaa\",\"quantity\":\"1\",\"unit\":\"rkl\"}],\"name\":\"Tempura\",\"category\":\"Pääruuat\",\"portions\":2,\"cookingTime\":0,\"description\":\"\",\"instructions\":[\"Sekoita kastikkeen aineet keskenään\",\"Yhdistä kuivat aineet keskenään ja siivilöi soodaveden sekaan\",\"Kuumenna öljy noin 170 - 180 asteiseksi\",\"Dippaa kasviksia tai mereneläviä taikinaan ja uppopaista muutama minuutti öljyssä\",\"Valuta valmiit tempurat talouspaperin päällä ja suolaa välittömästi\",\"Tarjoa riisipedin päällä. Kastikkeen voi kaataa päälle tai tarjota dippinä\"]}', ''),
('Timjami-vinegrette', '{\"description\": \"\",\"name\": \"Timjami-vinegrette\",\"category\": \"Kastikkeet\",\"cookingTime\": 0,\"portions\": 4,\"ingredients\": [{\"name\": \"viinietikkaa\",\"quantity\": 0.5,\"unit\": \"dl\"},{\"name\": \"sinappia\",\"quantity\": 1,\"unit\": \"rkl\"},{\"name\": \"oliiviöljyä\",\"quantity\": 1.5,\"unit\": \"dl\"},{\"name\": \"hienonnettua timjamia\",\"quantity\": 2,\"unit\": \"rkl\"},{\"name\": \"sitruunamehua\",\"quantity\": 0,\"unit\": \"\"}],\"instructions\": []}', ''),
('Tomaatti-rosmariinileipä', '{\"name\": \"Tomaatti-rosmariinileipä\",\"category\": \"Leivät\",\"portions\": 2,\"cookingTime\": 1,\"ingredients\": [{\"quantity\": 5,\"unit\": \"dl\",\"name\": \"vettä\"},{\"quantity\": 1,\"unit\": \"pss\",\"name\": \"kuivahiivaa\"},{\"quantity\": 1.5,\"unit\": \"tl\",\"name\": \"suolaa\"},{\"quantity\": 1,\"unit\": \"rkl\",\"name\": \"hunajaa\"},{\"quantity\": 12,\"unit\": \"dl\",\"name\": \"jauhoja\"},{\"quantity\": 2,\"unit\": \"rkl\",\"name\": \"oliiviöljyä\"},{\"quantity\": 0.5,\"unit\": \"dl\",\"name\": \"hienonnettuja aurinkokuivattuja tomaatteja\"}],\"instructions\": [\"Alusta taikina tasaiseksi ja anna kohota noin 20 minuuttia\",\"Jaa taikina kahtia ja pyöritä leiviksi\",\"Tee kolme viiltoa leipiin ja upota halkaistuja kirsikkatomaatteja viiltoihin\",\"Ripottele päälle suolaa ja rosmariinia\",\"Kuumenna uuni 225 asteiseksi, mutta laske lämpötila 200 asteeseen laitettuasi leivät uuniin\",\"Paista 25 minuuttia\"]}', ''),
('Tsukune', '{\"description\": \"Lihapullat voidaan paistaa vartaissa ja niiden päälle voi sulattaa juustoa.\",\"name\": \"Tsukune\",\"category\": \"Pääruuat\",\"cookingTime\": 0.5,\"portions\": 2,\"ingredients\": [{\"subtitle\": \"Lihapullat \"},{\"name\": \"kanaa\",\"quantity\": 400,\"unit\": \"g\"},{\"name\": \"salottisipuli\",\"quantity\": 1,\"unit\": \"\"},{\"name\": \"panko-jauhoa\",\"quantity\": 1,\"unit\": \"dl\"},{\"name\": \"kananmuna\",\"quantity\": 1,\"unit\": \"\"},{\"name\": \"inkivääriraastetta\",\"quantity\": 1,\"unit\": \"tl\"},{\"name\": \"valkosipulinkynsi\",\"quantity\": 1,\"unit\": \"\"},{\"name\": \"seesamiöljyä\",\"quantity\": 0.5,\"unit\": \"tl\"},{\"name\": \"suolaa\",\"quantity\": 0,\"unit\": \"\"},{\"name\": \"pippuria\",\"quantity\": 0,\"unit\": \"\"},{\"subtitle\": \" Kastike\"},{\"name\": \"miriniä\",\"quantity\": 0.5,\"unit\": \"kuppia\"},{\"name\": \"soijaa\",\"quantity\": 0.5,\"unit\": \"kuppia\"},{\"name\": \"sokeria\",\"quantity\": 0.25,\"unit\": \"kuppia\"},{\"name\": \"viinietikkaa\",\"quantity\": 1,\"unit\": \"rkl\"},{\"name\": \"valkosipulinkynttä\",\"quantity\": 3,\"unit\": \"\"},{\"name\": \"salottisipulia\",\"quantity\": 3,\"unit\": \"\"},{\"name\": \"raastettua inkivääriä\",\"quantity\": 1,\"unit\": \"tl\"},{\"name\": \"pippuria\",\"quantity\": 0,\"unit\": \"\"}],\"instructions\": [\"Sekoita raaka-aineet keskenään ja muotoile lihapulliksi\",\"Valmista kastike sekoittamalla kaikki raaka-aineet keskenään\",\"Paista parillapannulla kypsäksi ja sivele kastiketta pintaan samalla\"]}', '5ed1fa769807c.jpg'),
('Tulinen tomaattisalaatti (ezme)', '{\"name\": \"Tulinen tomaattisalaatti (ezme)\",\"category\": \"Pikkupurtavaa\",\"portions\": 4,\"cookingTime\": 0,\"ingredients\": [{\"name\": \"Tomaatteja \",\"quantity\": 400,\"unit\": \"g\"},{\"name\": \"Punasipulia \",\"quantity\": 0.5,\"unit\": \"kpl\"},{\"name\": \"Persiljaa\",\"quantity\": 1,\"unit\": \"nippu\"},{\"name\": \"Sitruunamehua \",\"quantity\": 1,\"unit\": \"rkl\"},{\"name\": \"Suolaa\",\"quantity\": 1,\"unit\": \"tl\"},{\"name\": \"Chiliä\",\"quantity\": 1,\"unit\": \"kpl\"},{\"name\": \"Paprikajauhetta \",\"quantity\": 1,\"unit\": \"tl\"},{\"name\": \"Sumakkia\",\"quantity\": 1,\"unit\": \"tl\"},{\"name\": \"Sokeria\",\"quantity\": 1,\"unit\": \"tl\"},{\"name\": \"Oliiviöljyä \",\"quantity\": 1,\"unit\": \"loraus \"}],\"instructions\": [\"Tomaatit voi korvata myös kokonaisilla purkkitomaateilla. Sipulin tilalla voi käyttää kevätsipulia ja tuoreen chilin tilalla kuivattua. Chilin määrää voi vähentää tai lisätä oman maun mukaan. \",\"Pilko tomaatit, sipuli ja persilja. \",\"Sekoita kaikki ainekset keskenään. \",\"Anna tekeytyä jääkaapissa ennen tarjoilua. \"],\"description\": \"\"}', ''),
('Vaahtokarkit', '{\"description\": \"Työvaiheiden järjestys on tärkeä ajoittamisen onnistumisen varmistamiseksi.\\n\\nTällä reseptillä voi myös tehdä italialaista marenkia jättämällä liivatteen pois.\\n\\n100 g valkuaisia vastaa noin 3 kananmunaa.\",\"name\": \"Vaahtokarkit\",\"category\": \"Makeat\",\"cookingTime\": 1,\"portions\": 0,\"ingredients\": [{\"name\": \"sokeria\",\"quantity\": 2,\"unit\": \"dl\"},{\"name\": \"hunajaa\",\"quantity\": 2,\"unit\": \"rkl\"},{\"name\": \"vettä\",\"quantity\": 0.5,\"unit\": \"dl\"},{\"name\": \"liivatelehteä\",\"quantity\": 7,\"unit\": \"\"},{\"name\": \"munanvalkuaista\",\"quantity\": 100,\"unit\": \"g\"},{\"name\": \"vanilja-aromia\",\"quantity\": 2,\"unit\": \"tl\"},{\"subtitle\": \" Jauhottamiseen\"},{\"name\": \"tomusokeria\",\"quantity\": 1,\"unit\": \"dl\"},{\"name\": \"tärkkelystä\",\"quantity\": 1,\"unit\": \"dl\"}],\"instructions\": [\"Mittaa kattilaan sokeri, hunaja ja vesi\",\"Laita liivatelehdet likoamaan kylmään veteen\",\"Erottele valkuaiset\",\"Aloita kuumentamaan sokeria\",\"Vatkaa valkuaiset kovaksi vaahdoksi ja sulata kuivaksi puristetut liivatteet mikrossa juoksevaksi\",\"Kun sokeriliemi on 127 asteista, kaada se hitaasti valkuaisvaahtoon samalla vatkaten\",\"Lisää liivateliemi ja vanilja-aromi joukkoon noin minuutin kuluttua ma jatka vatkaamista muutaman minuutin ajan\",\"Jauhota alusta ja pursota vaahtokarkkimassa alustalle\",\"Jauhota vaahtokarkit kauttaaltaan ja anna kuivua muutama tunti\"]}', ''),
('Donburikulho', '{\"name\":\"Donburikulho\",\"category\":\"Pääruuat\",\"portions\":2,\"cookingTime\":1,\"ingredients\":[{\"subtitle\":\" Yakiniku-kastike\"},{\"name\":\"soijaa\",\"quantity\":0.25,\"unit\":\"kuppia\"},{\"name\":\"miriniä\",\"quantity\":2,\"unit\":\"tl\"},{\"name\":\"sokeria\",\"quantity\":2.5,\"unit\":\"tl\"},{\"name\":\"seesamiöljyä\",\"quantity\":2,\"unit\":\"tl\"},{\"name\":\"valkosipulinkynttä\",\"quantity\":1,\"unit\":\"\"},{\"name\":\"seesaminsiemeniä\",\"quantity\":1.5,\"unit\":\"tl\"},{\"subtitle\":\" Donburi\"},{\"name\":\"naudan suikaleita\",\"quantity\":300,\"unit\":\"g\"},{\"name\":\"porkkanaa\",\"quantity\":2,\"unit\":\"\"},{\"name\":\"kesäkurpitsaa\",\"quantity\":1,\"unit\":\"\"},{\"name\":\"avocadoa\",\"quantity\":1,\"unit\":\"\"},{\"name\":\"kananmunaa\",\"quantity\":2,\"unit\":\"\"},{\"name\":\"sushiriisiä\",\"quantity\":2,\"unit\":\"dl\"},{\"name\":\"seesaminsiemeniä\",\"quantity\":0,\"unit\":\"\"},{\"name\":\"kevätsipulia\",\"quantity\":0,\"unit\":\"\"},{\"name\":\"rucolan versoja\",\"quantity\":0,\"unit\":\"\"}],\"instructions\":[\"Keitä sushiriisi ohjeen mukaan.\",\"Pilko porkkanat ja kesäkurpitsa ohuiksi suikaleiksi ja viipaloi avocado.\",\"Kuumenna yakiniku-kastikkeen aineita kattilassa, kunnes seos kiehahtaa. Siirrä kastike sivuun odottamaan.\",\"Paista naudan suikaleet kypsäksi. Sekoita suikaleet ja yakiniku-kastikke.\",\"Paista kananmunat siten, että keltuainen jää löysäksi.\",\"Kokoa kulho: Aseta riisi pohjalle. Asettele liha ja kastike riisin päälle. Kekoa porkkanat, kesäkurpitsa ja avocado erillisiksi keoiksi lihan viereen. Lihan toiselle puolelle ripotellaan reilusti rucolan versoja. Ripottele vielä seesamin siemeniä ja kevätsipulia lihan päälle. Lopuksi aseta lihan päälle paistettu kananmuna.\"],\"description\":\"\"}', ''),
('Rupikonna', '{\"ingredients\":[{\"name\":\"margariinia\",\"quantity\":200,\"unit\":\"g\"},{\"name\":\"vehnäjauhoa\",\"quantity\":4,\"unit\":\"dl\"},{\"name\":\"sokeria\",\"quantity\":2,\"unit\":\"dl\"},{\"name\":\"leivinjauhetta\",\"quantity\":2,\"unit\":\"tl\"},{\"name\":\"kananmunaa\",\"quantity\":2,\"unit\":\"\"},{\"name\":\"omenaa\",\"quantity\":4,\"unit\":\"\"},{\"name\":\"kanelia\",\"quantity\":2,\"unit\":\"tl\"}],\"name\":\"Rupikonna\",\"category\":\"Makeat\",\"portions\":10,\"cookingTime\":1,\"description\":\"\",\"instructions\":[\"Vaahdota voi ja sokeri vatkaimella.  \",\"Lisää jauhot ja niihin sekoitettu leivinjauhe.Sekoita tasaiseksi. \",\" Jaa taikina kahtia ja lisää pohjaosaan kanamunat ja vatkaa.\",\"Laita pohjataikina piirakkavuokaan. Lisää päälle lohkotut ja kuoritut omenapalat. Ripottele päälle kanelia ja sokeria.\",\" Omenalohkojen päälle lisätään kanamunaton muruseos.\",\"  Piirakka uuniin n. 30-40 min. 200C. \",\"Tarjoile vaniljakastikkeen kanssa. Parasta uuden sadon omenista valmistettuna.\"]}', ''),
('Raparperipiirakka', '{\"name\": \"Raparperipiirakka\",\"category\": \"Makeat\",\"portions\": 10,\"cookingTime\": 1,\"ingredients\": [{\"subtitle\": \" Muruseos\"},{\"name\": \"vehnäjauhoa\",\"quantity\": 4,\"unit\": \"dl\"},{\"name\": \"sokeria\",\"quantity\": 1.5,\"unit\": \"dl\"},{\"name\": \"leivinjauhetta\",\"quantity\": 1,\"unit\": \"tl\"},{\"name\": \"soodaa\",\"quantity\": 1,\"unit\": \"tl\"},{\"name\": \"vaniljasokeria\",\"quantity\": 1,\"unit\": \"tl\"},{\"name\": \"voisulaa\",\"quantity\": 125,\"unit\": \"g\"},{\"subtitle\": \" Pohjataikina\"},{\"name\": \"piimää\",\"quantity\": 1,\"unit\": \"dl\"},{\"name\": \"kananmuna\",\"quantity\": 1,\"unit\": \"kpl\"},{\"subtitle\": \" Täyte\"},{\"name\": \"raparperia\",\"quantity\": 0.7,\"unit\": \"dl\"},{\"name\": \"rahkaa\",\"quantity\": 1,\"unit\": \"tlk\"},{\"name\": \"sokeria\",\"quantity\": 1,\"unit\": \"dl \"},{\"name\": \"kananmunaa\",\"quantity\": 2,\"unit\": \"kpl\"},{\"name\": \"vaniljasokeria\",\"quantity\": 1.5,\"unit\": \"tl\"}],\"instructions\": [\"Sekoita muruseoksen kuivat aineet ja lisää lopuksi voisula. Jaa seos kahteen eri kulhoon. Käytä 2/3 muruseoksesta pohjataikinaan. Jätä kolmannes pinnalle ripoteltavaksi\",\"Lisää pohjataikinaan keskenään sekoitetut piimä ja kananmuna. Levitä seos leivinpaperilla peitettyyn tai voideltuun  piirakkavuokaan.\",\"Ripottele pohjataikinan päälle vajaa litra raparperi- tai omenapaloja, myös marjat kuten mustikka, puolukka, karviaiset tai herukat käyvät.\",\"Sekoita rahka, sokeri,munat ja vaniljasokeri. Kaada seos piirakan päälle. Ripottele lopuksi muruseosta pinnalle ja paista raparperipiirakkaa 175-asteisessa uunissa noin 45 minuuttia. Tarjoa raparperipiirakan kanssa vaniljakastiketta tai jäätelöä.\"],\"description\": \"\"}\r\n', ''),
('Ragu', '{\"name\":\"Ragu\",\"category\":\"Pääruuat\",\"portions\":4,\"cookingTime\":3,\"ingredients\":[{\"name\":\"oliiviöljyä\",\"quantity\":2,\"unit\":\"rkl\"},{\"name\":\"sipulia\",\"quantity\":2,\"unit\":\"\"},{\"name\":\"sellerin vartta\",\"quantity\":2,\"unit\":\"\"},{\"name\":\"porkkanaa\",\"quantity\":2,\"unit\":\"\"},{\"name\":\"lihaa\",\"quantity\":450,\"unit\":\"g\"},{\"name\":\"pekonia\",\"quantity\":170,\"unit\":\"g\"},{\"name\":\"punaviiniä\",\"quantity\":0.5,\"unit\":\"kuppia\"},{\"name\":\"lihalientä\",\"quantity\":3,\"unit\":\"kuppia\"},{\"name\":\"tomaattipyrettä\",\"quantity\":3,\"unit\":\"rkl\"},{\"name\":\"suolaa\",\"quantity\":0,\"unit\":\"\"},{\"name\":\"pippuria\",\"quantity\":\"0\",\"unit\":\"\"}],\"instructions\":[\"kuullota sipulit, porkkanat ja selleri padassa\",\"lisää liha ja pekoni ja ruskista\",\"lisää viini, lihaliemi ja tomaattipyre\",\"hauduta vähintään 2 tuntia\"],\"description\":\"\"}', ''),
('Arranchini', '{\"name\":\"Arranchini\",\"category\":\"Lisukkeet\",\"portions\":4,\"cookingTime\":2,\"ingredients\":[{\"name\":\"risottoa\",\"quantity\":0,\"unit\":\"\"},{\"name\":\"kananmunaa\",\"quantity\":1,\"unit\":\"\"},{\"name\":\"kananmunaa\",\"quantity\":0,\"unit\":\"\"},{\"name\":\"korppujauhoja\",\"quantity\":0,\"unit\":\"\"},{\"name\":\"öljyä\",\"quantity\":0,\"unit\":\"\"}],\"instructions\":[\"Valmista risotto ja anna jäähtyä\",\"Sekoita kananmuna risottoon\",\"Tee massasta palloja ja leivitä korppujouhoilla\",\"Paista noin 3 minuutin ajan 180 asteisessa öljyssä\"],\"description\":\"\"}', ''),
('Omenaglögi', '{\"name\":\"Omenaglögi\",\"category\":\"Juomat\",\"portions\":5,\"cookingTime\":0.25,\"ingredients\":[{\"name\":\"omenamehua\",\"quantity\":1,\"unit\":\"l\"},{\"name\":\"inkivääriä\",\"quantity\":1,\"unit\":\"pala\"},{\"name\":\"kanelitankoa\",\"quantity\":2,\"unit\":\"\"},{\"name\":\"neilikkaa\",\"quantity\":4,\"unit\":\"\"},{\"name\":\"tähtianista\",\"quantity\":2,\"unit\":\"\"},{\"name\":\"sokeria\",\"quantity\":2,\"unit\":\"rkl\"},{\"name\":\"vaniljasokeria\",\"quantity\":2,\"unit\":\"tl\"},{\"name\":\"vettä\",\"quantity\":1,\"unit\":\"dl\"},{\"subtitle\":\"Lisäksi\"},{\"name\":\"omena\",\"quantity\":1,\"unit\":\"\"}],\"instructions\":[\"Keitä omenamehua ja mausteita 30 minuuttia\",\"viipaloi omena tarjoilua varten\",\"siivilöi glögi ja tarjoile\"],\"description\":\"\"}', ''),
('Korealainen pulled pork', '{\"name\":\"Korealainen pulled pork\",\"category\":\"Pääruuat\",\"portions\":4,\"cookingTime\":2.5,\"ingredients\":[{\"name\":\"possua\",\"quantity\":1,\"unit\":\"kg\"},{\"name\":\"valkosipulinkynttä\",\"quantity\":8,\"unit\":\"\"},{\"name\":\"inkivääriä\",\"quantity\":2,\"unit\":\"rkl\"},{\"name\":\"soijaa\",\"quantity\":1.5,\"unit\":\"dl\"},{\"name\":\"gochujang-chilitahnaa\",\"quantity\":4,\"unit\":\"rkl\"},{\"name\":\"hunajaa\",\"quantity\":4,\"unit\":\"rkl\"},{\"name\":\"seesamiöljyä\",\"quantity\":2,\"unit\":\"rkl\"},{\"name\":\"riisiviinietikkaa\",\"quantity\":2,\"unit\":\"rkl\"},{\"name\":\"vettä\",\"quantity\":0.25,\"unit\":\"dl\"}],\"instructions\":[\"Sekoita marinadin ainekset keskenään\",\"Keitä painekattilassa 2 tuntia kovalla lämmöllä\",\"Revi poossu ja keitä kastiketta kasaan\"],\"description\":\"\"}', ''),
('Kanaramen', '{\"name\":\"Kanaramen\",\"category\":\"Pääruuat\",\"portions\":4,\"cookingTime\":3,\"ingredients\":[{\"subtitle\":\"Liemi\"},{\"name\":\"kanaa\",\"quantity\":2,\"unit\":\"kg\"},{\"name\":\"porkkanaa\",\"quantity\":2,\"unit\":\"\"},{\"name\":\"sipulia\",\"quantity\":2,\"unit\":\"\"},{\"name\":\"vettä\",\"quantity\":3,\"unit\":\"l\"},{\"name\":\"valkosipuli\",\"quantity\":1,\"unit\":\"\"},{\"name\":\"inkivääriä\",\"quantity\":4,\"unit\":\"cm\"},{\"name\":\"kuivattua shiitakesientä\",\"quantity\":50,\"unit\":\"g\"},{\"name\":\"kombua\",\"quantity\":1,\"unit\":\"pala\"},{\"name\":\"soijaa\",\"quantity\":0.75,\"unit\":\"dl\"},{\"subtitle\":\"Kastike\"},{\"name\":\"soijaa\",\"quantity\":0.75,\"unit\":\"dl\"},{\"name\":\"miriniä\",\"quantity\":2,\"unit\":\"rkl\"},{\"name\":\"misotahnaa\",\"quantity\":3,\"unit\":\"rkl\"}],\"instructions\":[\"Paahda kanat uunissa ruskeaksi\",\"Lisää liemen ainekset painekattilaan ja keitä noin 2 tuntia kovalla paineella\",\"Keitä vielä lientä ilman painetta noin puoli tuntia\",\"Siivilöi liemi ja lisää kastike\",\"Tarjoile nuudeleiden, kananmunan ja kananrinnan kera\"],\"description\":\"\"}', ''),
('Ajitsuke kananmuna', '{\"ingredients\":[{\"name\":\"kananmunaa\",\"quantity\":2,\"unit\":\"\"},{\"name\":\"soijaa\",\"quantity\":2,\"unit\":\"rkl\"},{\"name\":\"miriniä\",\"quantity\":2,\"unit\":\"rkl\"},{\"name\":\"vettä\",\"quantity\":4,\"unit\":\"rkl\"}],\"name\":\"Ajitsuke kananmuna\",\"category\":\"Lisukkeet\",\"portions\":2,\"cookingTime\":3,\"description\":\"\",\"instructions\":[\"Keitä kananmunat pehmeäksi\",\"Lisää aineet pussiin ja anna maustua vähintään kolme tuntia tai yön yli\"]}', ''),
('Hapanleipä', '{\"name\":\"Hapanleipä\",\"category\":\"Leivät\",\"portions\":1,\"cookingTime\":8,\"ingredients\":[{\"name\":\"juurta\",\"quantity\":100,\"unit\":\"g\"},{\"name\":\"Vettä\",\"quantity\":350,\"unit\":\"g\"},{\"name\":\"Venhäjauhoja\",\"quantity\":500,\"unit\":\"g\"},{\"name\":\"suolaa\",\"quantity\":10,\"unit\":\"g\"}],\"instructions\":[\"Sekoita aineet kulhossa, älä vaivaa.\",\"Anna levätä 30 minuuttia.\",\"Anna kohota noin 2 tuntia. Nostele taikinaa kulhon reunoilta taikinan päälle muutaman kerran kohotuksen aikana\",\"Muotoile leipä pyörittämällä jauhottomalla pöydällä.\",\"Anna levätä 30 minuuttia.\",\"Levitä taikina neliöksi jauhotetulla pöydällä ja taittele kolmin kerroin. Taitele vielä kolmin kerroin ja taittele kulmista keskelle, jotta leivästä tulee pyöreähkö.\",\"Nosta leipä matalaan kulhoon jauhotetun liinan päälle. Taittele liina leivän päälle.\",\"Peittele kelmulla ja anna kohota 3 tuntia. \",\"Esilämmitä uuni ja uunipelti 250 asteeseen ja laita pohjalle vesiastia.\",\"Kumoa leipä varovasti leivinpaperille esimerkiksi leikkuulaudan avulla.\",\"Siirrä leipä pellille ja paista 15 minuuttia, jonka jäljeen laske lämpö 225 adteeseen ja poista vesiastia ja paista vielä 20 minuuttia.\",\"Säilytä liinalla peitettynä tai paperipussissa.\"],\"description\":\"\"}', ''),
('Ruisleipä', '{\"ingredients\":[{\"name\":\"taikinajuurta\",\"quantity\":\"100\",\"unit\":\"g\"},{\"name\":\"vettä\",\"quantity\":\"7.5\",\"unit\":\"dl\"},{\"name\":\"ruisjauhoja\",\"quantity\":\"1000\",\"unit\":\"g\"},{\"name\":\"suolaa\",\"quantity\":\"2\",\"unit\":\"tl\"}],\"name\":\"Ruisleipä\",\"category\":\"Leivät\",\"portions\":4,\"cookingTime\":24,\"description\":\"\",\"instructions\":[\"Sekoita juuri, vesi, suola ja 750g jauhoista.\",\"Anna tekeytyä huoneenlämmössä vuorokausi.\",\"Sekoita mukaan loput jauhoista ja anna kohota 2 tuntia.\",\"Leivo reikäleiviksi ja kohota 1 tunti.\",\"Painele pintaan reikiä ennen paistamista.\",\"Paista 225 asteessa noin 10 minuuttia ja alenna lämpö 200 asteeseen\",\"Jatka paistamista noin 15 minuuttia.\"]}', ''),
('Arancini', '{\"ingredients\":[{\"name\":\"risottoa\",\"quantity\":\"150\",\"unit\":\"g\"},{\"name\":\"kananmunaa\",\"quantity\":\"1\",\"unit\":\"\"},{\"name\":\"siputtua basilikaa\",\"quantity\":\"0.5\",\"unit\":\"dl\"},{\"name\":\"mozzarellaa\",\"quantity\":\"125\",\"unit\":\"g\"},{\"subtitle\":\"Leivitykseen\"},{\"name\":\"jauhoja\",\"quantity\":0,\"unit\":\"\"},{\"name\":\"kananmunaa\",\"quantity\":0,\"unit\":\"\"},{\"name\":\"pankojauhoja\",\"quantity\":0,\"unit\":\"\"},{\"name\":\"öljyä paistamiseen\",\"quantity\":0,\"unit\":\"\"}],\"name\":\"Arancini\",\"category\":\"Muut\",\"portions\":4,\"cookingTime\":1,\"description\":\"\",\"instructions\":[\"Sekoita aineet keskenään. Tee risotto käyttäen 150g riisiä\",\"Pyörittele palloiksi\",\"Pyörittele pallot jauhoissa kananmunissa ja pankossa\",\"Uppopaista muutama minuutti, kunnes pinta on ruskistunut\"]}', ''),
('Tuliset kebakot', '{\"ingredients\":[{\"name\":\"jauhelihaa\",\"quantity\":\"400\",\"unit\":\"g\"},{\"name\":\"suolaa\",\"quantity\":\"1\",\"unit\":\"tl\"},{\"name\":\"juustokuminaa\",\"quantity\":\"1\",\"unit\":\"tl\"},{\"name\":\"korianterinsiemieniä\",\"quantity\":\"1\",\"unit\":\"tl\"},{\"name\":\"cayenepippuria\",\"quantity\":\"1\",\"unit\":\"tl\"},{\"name\":\"savupaprikaa\",\"quantity\":\"1\",\"unit\":\"tl\"},{\"name\":\"sumakkia\",\"quantity\":\"1\",\"unit\":\"tl\"}],\"name\":\"Tuliset kebakot\",\"category\":\"Pääruuat\",\"portions\":2,\"cookingTime\":0.5,\"description\":\"\",\"instructions\":[\"Sekoita aineet keskenään\",\"Muotoile kebakoiksi\",\"Paista kuumalla pannulla tai grillissä\"]}', ''),
('Tikka masala', '{\"ingredients\":[{\"subtitle\":\"Marinadi\"},{\"name\":\"kananrintaa\",\"quantity\":\"400\",\"unit\":\"g\"},{\"name\":\"jogurttia\",\"quantity\":\"125\",\"unit\":\"g\"},{\"name\":\"sitruunan mehu\",\"quantity\":\"1\",\"unit\":\"\"},{\"name\":\"raastettua inkivääriä\",\"quantity\":\"1\",\"unit\":\"rkl\"},{\"name\":\"suolaa\",\"quantity\":\"2\",\"unit\":\"tl\"},{\"name\":\"juustokuminaa\",\"quantity\":\"2\",\"unit\":\"tl\"},{\"name\":\"garam masalaa\",\"quantity\":\"2\",\"unit\":\"tl\"},{\"name\":\"paprikajauhetta\",\"quantity\":\"2\",\"unit\":\"tl\"},{\"subtitle\":\"Kastike\"},{\"name\":\"sipulia\",\"quantity\":\"1\",\"unit\":\"\"},{\"name\":\"sipulinkynttä\",\"quantity\":\"6\",\"unit\":\"\"},{\"name\":\"raastettua inkivääriä\",\"quantity\":\"2\",\"unit\":\"rkl\"},{\"name\":\"juustokuminaa\",\"quantity\":\"2\",\"unit\":\"tl\"},{\"name\":\"kurkumaa\",\"quantity\":\"2\",\"unit\":\"tl\"},{\"name\":\"korianterinsiemeniä\",\"quantity\":\"2\",\"unit\":\"tl\"},{\"name\":\"chilijauhetta\",\"quantity\":\"2\",\"unit\":\"tl\"},{\"name\":\"paprikajauhetta\",\"quantity\":\"2\",\"unit\":\"tl\"},{\"name\":\"garam masalaa\",\"quantity\":\"2\",\"unit\":\"tl\"},{\"name\":\"tomaattipyrettä\",\"quantity\":\"1\",\"unit\":\"rkl\"},{\"name\":\"tomaattimurskaa\",\"quantity\":\"800\",\"unit\":\"g\"},{\"name\":\"vettä\",\"quantity\":\"3\",\"unit\":\"dl\"},{\"name\":\"kermaa\",\"quantity\":\"2,5\",\"unit\":\"dl\"}],\"name\":\"Tikka masala\",\"category\":\"Pääruuat\",\"portions\":4,\"cookingTime\":2,\"description\":\"\",\"instructions\":[\"Sekoita marinadin ainekset keskenään kanan kanssa ja anna marinoitua vähintään tunnin jääkaapissa\",\"Varrasta kanat ja paista 250 asteisessa uunissa noin 15 minuuttia\",\"Kuullota sipulit öljyssä.\",\"Lisää mausteet ja paista hetki\",\"Lisää tomaattipyre, tomaattimurska, vesi, kerma ja kanat ja anna hautua.\"]}', ''),
('Lihapullat', '{\"ingredients\":[{\"name\":\"kermaa\",\"quantity\":\"1\",\"unit\":\"dl\"},{\"name\":\"korppujauhoja\",\"quantity\":\"0.5\",\"unit\":\"dl\"},{\"name\":\"sipulia\",\"quantity\":\"1\",\"unit\":\"\"},{\"name\":\"jauhelihaa\",\"quantity\":\"400\",\"unit\":\"g\"},{\"name\":\"kananmunaa\",\"quantity\":\"1\",\"unit\":\"\"},{\"name\":\"suolaa\",\"quantity\":\"1\",\"unit\":\"tl\"},{\"name\":\"maustepippuria\",\"quantity\":\"0.5\",\"unit\":\"tl\"},{\"name\":\"muskottipähkinää\",\"quantity\":\"0.5\",\"unit\":\"tl\"}],\"name\":\"Lihapullat\",\"category\":\"Pääruuat\",\"portions\":0,\"cookingTime\":1,\"description\":\"\",\"instructions\":[\"Hienonna sipuli ja karamelisoi miedolla lämmöllä\",\"Sekoita kerma ja korppujauhot ja anna turvota noin 15 minuuttia\",\"Sekoita aineet keskenään ja pyörittele pulliksi\",\"Paista joko pannulla tai uunissa 250 asteessa noin 15 minuuttia\"]}', ''),
('Pad thai', '{\"ingredients\":[{\"subtitle\":\"Kastike\"},{\"name\":\"kalakastiketta\",\"quantity\":\"0.5\",\"unit\":\"dl\"},{\"name\":\"fariinisokeria\",\"quantity\":\"1\",\"unit\":\"dl\"},{\"name\":\"tamarinditahnaa\",\"quantity\":\"0.5\",\"unit\":\"dl\"},{\"name\":\"chiliä\",\"quantity\":\"\",\"unit\":\"\"},{\"subtitle\":\"Wokki\"},{\"name\":\"nuudeleita\",\"quantity\":\"200\",\"unit\":\"g\"},{\"name\":\"kanaa\",\"quantity\":\"300\",\"unit\":\"g\"},{\"name\":\"sipulia\",\"quantity\":\"1\",\"unit\":\"\"},{\"name\":\"valkosipulia\",\"quantity\":\"1\",\"unit\":\"\"},{\"name\":\"munaa\",\"quantity\":\"2\",\"unit\":\"\"},{\"name\":\"ituja\",\"quantity\":\"2\",\"unit\":\"dl\"},{\"name\":\"suolapähkinöitä\",\"quantity\":\"0.5\",\"unit\":\"dl\"}],\"name\":\"Pad thai\",\"category\":\"Pääruuat\",\"portions\":4,\"cookingTime\":0.5,\"description\":\"\",\"instructions\":[\"Sekoita kastikkeen aineet keskenään\",\"Valmista nuudelit pakkauksen ohjeen mukaisesti\",\"Viipaloi kana suikaileiksi, paista kypsäksi ja laita syrjään\",\"Paista nuudeleita hetki ja lisää kastike\",\"Riko kananmunien rakenne ja sekoita mukaan wokkiin\",\"Lisää loput raaka-aineet ja kuumenna\"]}', ''),
('Kasvispiirakka', '{\"ingredients\":[{\"subtitle\":\"Pohja\"},{\"name\":\"venhäjauhoja\",\"quantity\":\"3\",\"unit\":\"dl\"},{\"name\":\"perunamuussia\",\"quantity\":\"2\",\"unit\":\"dl\"},{\"name\":\"voita\",\"quantity\":\"100\",\"unit\":\"g\"},{\"name\":\"suolaa\",\"quantity\":0,\"unit\":\"\"},{\"subtitle\":\"Täyte\"},{\"name\":\"porkkanaa\",\"quantity\":\"4\",\"unit\":\"\"},{\"name\":\"purjo\",\"quantity\":\"1\",\"unit\":\"\"},{\"name\":\"palsternakkaa\",\"quantity\":\"1\",\"unit\":\"\"},{\"name\":\"selleriä\",\"quantity\":\"\",\"unit\":\"\"},{\"name\":\"sipuli\",\"quantity\":\"2\",\"unit\":\"\"},{\"name\":\"kirveliä\",\"quantity\":\"2\",\"unit\":\"tl\"},{\"name\":\"rakuunaa\",\"quantity\":\"2\",\"unit\":\"tl\"},{\"subtitle\":\"Kastike\"},{\"name\":\"valkokastiketta\",\"quantity\":\"5\",\"unit\":\"dl\"},{\"name\":\"kasvisliemikuutio\",\"quantity\":\"1\",\"unit\":\"\"},{\"name\":\"mustaleimaa\",\"quantity\":\"\",\"unit\":\"\"}],\"name\":\"Kasvispiirakka\",\"category\":\"Pääruuat\",\"portions\":6,\"cookingTime\":1,\"description\":\"\",\"instructions\":[\"Tee pohja\",\"Tee valkokastike ja lisää sekaan juustoraaste\",\"Pilko kasvikset\",\"Paista 220 asteisessa uunissa noin 20 minuuttia\"]}', ''),
('Gua bao', '{\"ingredients\":[{\"name\":\"vettä\",\"quantity\":\"2\",\"unit\":\"dl\"},{\"name\":\"kuivahiivaa\",\"quantity\":\"1\",\"unit\":\"tl\"},{\"name\":\"sokeria\",\"quantity\":\"1\",\"unit\":\"rkl\"},{\"name\":\"rypsiöljyä\",\"quantity\":\"1\",\"unit\":\"rkl\"},{\"name\":\"vehnäjauhoa\",\"quantity\":\"300\",\"unit\":\"g\"},{\"name\":\"ruokasoodaa\",\"quantity\":\"1\",\"unit\":\"tl\"},{\"name\":\"suolaa\",\"quantity\":\"0.25\",\"unit\":\"tl\"}],\"name\":\"Gua bao\",\"category\":\"Leivät\",\"portions\":8,\"cookingTime\":1,\"description\":\"\",\"instructions\":[\"Sekoita aineet keskenään ja anna levätä noin 10 minuuttiia\",\"Vaivaa taikina kimmoisaksi ja anna kohota noin 30 minuuttia\",\"Jaa taikina osiin (katso annoskoko) ja pyöritä palloiksi\",\"Kauli pallot soikioiksi\",\"Sivele päälle hieman öljyä ja taita soikio kahtia ja aseta leivinpaperipalan päälle\",\"Höyrytä noin 9 minuuttia\"]}', ''),
('Maustettu kaali', '{\"ingredients\":[{\"name\":\"soijaa\",\"quantity\":\"2\",\"unit\":\"rkl\"},{\"name\":\"miriniä\",\"quantity\":\"2\",\"unit\":\"rkl\"},{\"name\":\"riisiviinietikkaa\",\"quantity\":\"2\",\"unit\":\"rkl\"},{\"name\":\"pieni kaali\",\"quantity\":\"1\",\"unit\":\"\"}],\"name\":\"Maustettu kaali\",\"category\":\"Pikkupurtavaa\",\"portions\":2,\"cookingTime\":0.25,\"description\":\"\",\"instructions\":[\"Revi kaali suupaloiksi\",\"Sekoita kastike ja kaada kaalin päälle\"],\"picture\":null}', '5ed1fa352bc8c.jpg');

-- --------------------------------------------------------

--
-- Rakenne taululle `subtitles`
--

CREATE TABLE `subtitles` (
  `id` int(11) NOT NULL,
  `recipeId` int(11) NOT NULL,
  `subtitle` varchar(128) COLLATE utf8_swedish_ci NOT NULL,
  `arrayIndex` int(11) NOT NULL
) ENGINE=InnoDB DEFAULT CHARSET=utf8 COLLATE=utf8_swedish_ci;

--
-- Vedos taulusta `subtitles`
--

INSERT INTO `subtitles` (`id`, `recipeId`, `subtitle`, `arrayIndex`) VALUES
(1, 2, 'Mausteliemi', 0),
(2, 5, ' Täyte', 0),
(3, 2, 'Kastike', 6),
(4, 7, 'Riisi', 0),
(5, 5, ' Taikina', 9),
(6, 5, ' Kastike', 14),
(7, 7, 'Salsa', 8),
(8, 7, 'Tacomaustettu jauheliha', 14),
(9, 7, 'Lisäksi', 24),
(10, 18, 'Kiehuvaan veteen', 0),
(11, 21, 'Jauhelihakastike', 0),
(12, 18, ' ', 4),
(13, 25, 'Täyte ', 0),
(14, 21, 'Juustokastike', 10),
(15, 25, ' Pohja', 7),
(16, 21, 'Lisäksi', 17),
(17, 25, ' Kuorrute', 13),
(18, 44, 'Kuorrutus', 8),
(19, 50, ' Pullataikina', 0),
(20, 51, 'Pohja', 0),
(21, 52, 'Pohja', 0),
(22, 50, ' Täyte', 9),
(23, 51, 'Täyte', 6),
(24, 52, 'Täyte', 6),
(25, 50, ' Lisäksi', 15),
(26, 56, 'Ohut kastike', 0),
(27, 52, 'Pinnalle', 13),
(28, 59, ' Täyte', 0),
(29, 60, 'Tumma suklaa', 0),
(30, 56, ' Ja niin edelleen', 4),
(31, 60, ' Maitosuklaa', 4),
(32, 59, ' Voikastike', 9),
(33, 60, ' Valkoinen suklaa', 8),
(34, 63, 'Friteeraustaikina', 0),
(35, 66, 'Lihapullat ', 0),
(36, 63, 'Kastike', 6),
(37, 66, ' Kastike', 10),
(38, 69, ' Yakiniku-kastike', 0),
(39, 68, ' Jauhottamiseen', 6),
(40, 71, ' Muruseos', 0),
(41, 69, ' Donburi', 7),
(42, 71, ' Pohjataikina', 7),
(43, 71, ' Täyte', 10),
(44, 74, 'Lisäksi', 8),
(45, 76, 'Liemi', 0),
(46, 79, 'Leivitykseen', 4),
(47, 76, 'Kastike', 10),
(48, 82, 'Marinadi', 0),
(49, 84, 'Pohja', 0),
(50, 82, 'Kastike', 9),
(52, 84, 'Täyte', 5),
(54, 84, 'Kastike', 13),
(55, 88, 'Massa', 0),
(56, 88, 'Leivitykseen', 10),
(57, 88, 'Paistamiseen', 15),
(58, 88, 'Tarjoiluun', 17),
(59, 72, 'Leivitykseen', 4),
(60, 94, 'Juustokastike', 1),
(61, 94, 'Lisäksi', 7);

--
-- Indexes for dumped tables
--

--
-- Indexes for table `ingredients`
--
ALTER TABLE `ingredients`
  ADD UNIQUE KEY `id` (`id`);

--
-- Indexes for table `instructions`
--
ALTER TABLE `instructions`
  ADD PRIMARY KEY (`id`);

--
-- Indexes for table `quantities`
--
ALTER TABLE `quantities`
  ADD PRIMARY KEY (`id`);

--
-- Indexes for table `recipes`
--
ALTER TABLE `recipes`
  ADD UNIQUE KEY `id` (`id`);

--
-- Indexes for table `subtitles`
--
ALTER TABLE `subtitles`
  ADD PRIMARY KEY (`id`);

--
-- AUTO_INCREMENT for dumped tables
--

--
-- AUTO_INCREMENT for table `ingredients`
--
ALTER TABLE `ingredients`
  MODIFY `id` int(11) NOT NULL AUTO_INCREMENT, AUTO_INCREMENT=319;

--
-- AUTO_INCREMENT for table `instructions`
--
ALTER TABLE `instructions`
  MODIFY `id` int(11) NOT NULL AUTO_INCREMENT, AUTO_INCREMENT=427;

--
-- AUTO_INCREMENT for table `quantities`
--
ALTER TABLE `quantities`
  MODIFY `id` int(11) NOT NULL AUTO_INCREMENT, AUTO_INCREMENT=784;

--
-- AUTO_INCREMENT for table `recipes`
--
ALTER TABLE `recipes`
  MODIFY `id` int(11) NOT NULL AUTO_INCREMENT, AUTO_INCREMENT=95;

--
-- AUTO_INCREMENT for table `subtitles`
--
ALTER TABLE `subtitles`
  MODIFY `id` int(11) NOT NULL AUTO_INCREMENT, AUTO_INCREMENT=62;
COMMIT;

/*!40101 SET CHARACTER_SET_CLIENT=@OLD_CHARACTER_SET_CLIENT */;
/*!40101 SET CHARACTER_SET_RESULTS=@OLD_CHARACTER_SET_RESULTS */;
/*!40101 SET COLLATION_CONNECTION=@OLD_COLLATION_CONNECTION */;
